branching_m,N_neurons,p_ext,tau_size,alpha_duration,kappa,scaling_err,size_hist
0.8,100,0.0001,2.2774,2.9705,0.4065,0.4571,"[4835.12, 2541.61, 1360.43, 669.69, 343.35, 157.19, 76.1, 37.96, 14.61, 7.73, 2.99, 1.14, 0.39, 0.13, 0.03, 0.01, 0.0, 0.0, 0.0, 0.0, 0.0, 0.0, 0.0, 0.0, 0.0]"
0.8,100,0.001,2.2967,3.0008,0.4051,0.4536,"[4966.97, 2545.18, 1284.15, 633.72, 309.21, 160.33, 72.12, 37.04, 16.75, 7.32, 2.74, 1.17, 0.4, 0.11, 0.03, 0.01, 0.0, 0.0, 0.0, 0.0, 0.0, 0.0, 0.0, 0.0, 0.0]"
0.8,100,0.01,2.2688,3.0556,0.1969,0.3489,"[5263.75, 2386.7, 1391.14, 663.84, 336.3, 165.0, 77.04, 34.49, 15.97, 7.81, 3.09, 1.25, 0.43, 0.13, 0.03, 0.01, 0.0, 0.0, 0.0, 0.0, 0.0, 0.0, 0.0, 0.0, 0.0]"
0.8,300,0.0001,2.2743,3.004,0.37,0.4005,"[4831.2, 2367.21, 1263.19, 689.61, 345.48, 186.23, 86.94, 46.38, 22.8, 12.02, 6.01, 2.54, 1.09, 0.48, 0.21, 0.07, 0.03, 0.01, 0.0, 0.0, 0.0, 0.0, 0.0, 0.0, 0.0]"
0.8,300,0.001,2.3187,2.9561,0.3607,0.4921,"[4760.62, 2725.59, 1289.93, 658.05, 351.31, 160.9, 88.77, 40.25, 20.15, 9.6, 4.54, 2.17, 1.03, 0.47, 0.15, 0.07, 0.02, 0.01, 0.0, 0.0, 0.0, 0.0, 0.0, 0.0, 0.0]"
0.8,300,0.01,2.2721,3.0157,0.1831,0.4194,"[4951.67, 2634.56, 1272.39, 657.59, 316.67, 185.09, 92.93, 44.32, 21.88, 10.88, 5.34, 2.55, 1.13, 0.49, 0.21, 0.08, 0.03, 0.01, 0.0, 0.0, 0.0, 0.0, 0.0, 0.0, 0.0]"
0.8,1000,0.0001,2.3018,3.0164,0.367,0.4851,"[5233.42, 2560.12, 1248.74, 731.48, 331.97, 169.51, 89.97, 46.35, 24.38, 12.47, 5.99, 3.02, 1.38, 0.78, 0.33, 0.16, 0.08, 0.03, 0.01, 0.0, 0.0, 0.0, 0.0, 0.0, 0.0]"
0.8,1000,0.001,2.296,2.993,0.3748,0.4727,"[4670.11, 2634.65, 1104.48, 680.83, 350.42, 162.59, 89.48, 46.08, 23.27, 11.82, 5.57, 2.94, 1.55, 0.74, 0.34, 0.17, 0.08, 0.03, 0.01, 0.01, 0.0, 0.0, 0.0, 0.0, 0.0]"
0.8,1000,0.01,2.3291,2.9921,0.2183,0.4818,"[4801.23, 2614.65, 1249.2, 621.8, 309.42, 154.41, 96.5, 41.14, 22.19, 10.81, 5.63, 3.02, 1.33, 0.62, 0.31, 0.15, 0.07, 0.03, 0.01, 0.0, 0.0, 0.0, 0.0, 0.0, 0.0]"
0.825,100,0.0001,2.1786,2.8833,0.4576,0.4379,"[4692.45, 2271.72, 1245.3, 707.58, 367.71, 176.51, 93.8, 44.28, 23.87, 11.86, 4.74, 2.29, 0.85, 0.37, 0.13, 0.03, 0.01, 0.0, 0.0, 0.0, 0.0, 0.0, 0.0, 0.0, 0.0]"
0.825,100,0.001,2.1876,2.7908,0.4293,0.4734,"[5156.1, 2636.62, 1356.13, 721.07, 368.08, 176.2, 88.91, 45.19, 23.46, 11.28, 5.29, 2.39, 0.96, 0.36, 0.11, 0.03, 0.01, 0.0, 0.0, 0.0, 0.0, 0.0, 0.0, 0.0, 0.0]"
0.825,100,0.01,2.1421,2.8895,0.3212,0.3358,"[4763.02, 2409.43, 1313.57, 723.41, 383.99, 186.16, 93.65, 47.95, 25.67, 11.27, 5.39, 2.49, 1.12, 0.38, 0.14, 0.04, 0.01, 0.0, 0.0, 0.0, 0.0, 0.0, 0.0, 0.0, 0.0]"
0.825,300,0.0001,2.2039,2.8884,0.4483,0.4258,"[4678.98, 2550.87, 1413.17, 726.9, 372.52, 203.36, 93.56, 55.38, 26.89, 13.27, 6.8, 3.57, 1.63, 0.79, 0.36, 0.16, 0.06, 0.02, 0.01, 0.0, 0.0, 0.0, 0.0, 0.0, 0.0]"
0.825,300,0.001,2.1767,2.7975,0.4524,0.4828,"[4786.85, 2529.33, 1303.95, 658.38, 394.88, 200.52, 85.64, 52.46, 29.17, 15.44, 7.75, 3.77, 1.74, 0.92, 0.41, 0.17, 0.07, 0.03, 0.01, 0.0, 0.0, 0.0, 0.0, 0.0, 0.0]"
0.825,300,0.01,2.1622,2.8842,0.2702,0.3673,"[5081.17, 2411.8, 1294.05, 678.29, 414.62, 216.95, 109.37, 54.19, 26.36, 14.44, 6.82, 3.59, 1.82, 0.92, 0.42, 0.18, 0.08, 0.03, 0.01, 0.0, 0.0, 0.0, 0.0, 0.0, 0.0]"
0.825,1000,0.0001,2.1983,2.8769,0.4365,0.4763,"[5118.6, 2404.74, 1179.4, 748.64, 381.44, 176.5, 95.18, 59.94, 27.72, 14.2, 8.34, 4.49, 1.98, 1.12, 0.58, 0.26, 0.13, 0.06, 0.03, 0.01, 0.01, 0.0, 0.0, 0.0, 0.0]"
0.825,1000,0.001,2.2133,2.9279,0.427,0.3785,"[4456.24, 2372.62, 1321.43, 748.74, 377.29, 192.01, 103.91, 58.04, 26.65, 15.98, 7.83, 4.28, 2.08, 1.13, 0.53, 0.27, 0.13, 0.06, 0.03, 0.01, 0.01, 0.0, 0.0, 0.0, 0.0]"
0.825,1000,0.01,2.2391,2.9287,0.2824,0.4221,"[4707.57, 2446.65, 1267.37, 663.4, 352.84, 202.89, 95.94, 51.27, 24.19, 13.24, 7.02, 3.69, 1.86, 0.87, 0.48, 0.24, 0.12, 0.05, 0.02, 0.01, 0.0, 0.0, 0.0, 0.0, 0.0]"
0.85,100,0.0001,2.0822,2.7062,0.5276,0.4229,"[4289.0, 2599.21, 1315.01, 720.43, 416.94, 203.57, 113.67, 62.8, 27.98, 15.48, 7.83, 3.52, 1.51, 0.67, 0.28, 0.09, 0.03, 0.01, 0.0, 0.0, 0.0, 0.0, 0.0, 0.0, 0.0]"
0.85,100,0.001,2.1158,2.8304,0.5136,0.3894,"[4625.05, 2522.0, 1381.12, 751.7, 378.11, 189.51, 109.01, 55.4, 30.55, 14.16, 6.9, 3.2, 1.31, 0.6, 0.22, 0.07, 0.02, 0.01, 0.0, 0.0, 0.0, 0.0, 0.0, 0.0, 0.0]"
0.85,100,0.01,2.1304,2.7732,0.392,0.4178,"[4453.39, 2625.08, 1403.35, 637.37, 390.35, 220.55, 107.83, 58.1, 27.57, 13.44, 6.64, 3.12, 1.34, 0.58, 0.22, 0.08, 0.02, 0.01, 0.0, 0.0, 0.0, 0.0, 0.0, 0.0, 0.0]"
0.85,300,0.0001,2.0973,2.7672,0.5473,0.369,"[4177.56, 2479.8, 1340.56, 708.2, 403.89, 213.96, 113.64, 61.75, 32.22, 18.08, 9.08, 4.77, 2.44, 1.15, 0.59, 0.28, 0.13, 0.06, 0.02, 0.01, 0.0, 0.0, 0.0, 0.0, 0.0]"
0.85,300,0.001,2.0969,2.7251,0.5613,0.4376,"[4593.03, 2701.56, 1387.11, 798.76, 430.96, 211.52, 123.76, 65.48, 30.82, 17.03, 9.14, 4.77, 2.53, 1.27, 0.6, 0.27, 0.13, 0.05, 0.02, 0.01, 0.0, 0.0, 0.0, 0.0, 0.0]"
0.85,300,0.01,2.1192,2.7824,0.3594,0.407,"[4806.02, 2494.37, 1286.93, 789.88, 406.07, 213.72, 115.01, 60.61, 32.68, 18.22, 8.51, 4.79, 2.29, 1.07, 0.51, 0.25, 0.11, 0.04, 0.02, 0.01, 0.0, 0.0, 0.0, 0.0, 0.0]"
0.85,1000,0.0001,2.1071,2.7743,0.5815,0.3852,"[4344.32, 2542.57, 1282.79, 804.72, 403.34, 220.22, 113.56, 61.76, 34.27, 19.86, 11.13, 5.25, 2.97, 1.38, 0.89, 0.4, 0.22, 0.12, 0.05, 0.02, 0.01, 0.0, 0.0, 0.0, 0.0]"
0.85,1000,0.001,2.1649,2.6435,0.4845,0.5969,"[4874.31, 2305.08, 1307.41, 751.49, 351.38, 209.92, 111.25, 58.73, 35.68, 17.0, 9.0, 4.74, 2.34, 1.33, 0.67, 0.33, 0.17, 0.08, 0.04, 0.02, 0.01, 0.0, 0.0, 0.0, 0.0]"
0.85,1000,0.01,2.114,2.7055,0.29,0.4865,"[4630.97, 2419.76, 1376.36, 756.09, 416.24, 177.1, 126.42, 61.09, 31.79, 17.69, 9.0, 5.51, 3.01, 1.46, 0.82, 0.42, 0.21, 0.1, 0.05, 0.03, 0.01, 0.0, 0.0, 0.0, 0.0]"
0.875,100,0.0001,2.0267,2.5946,0.566,0.4184,"[4337.61, 2612.37, 1428.47, 777.45, 428.93, 234.26, 119.96, 69.08, 33.78, 18.18, 9.21, 4.96, 2.16, 0.98, 0.42, 0.16, 0.05, 0.02, 0.0, 0.0, 0.0, 0.0, 0.0, 0.0, 0.0]"
0.875,100,0.001,2.0531,2.5695,0.6219,0.5054,"[4936.14, 2195.26, 1431.48, 715.22, 412.89, 217.94, 114.31, 62.8, 32.76, 18.32, 8.57, 4.35, 2.01, 0.89, 0.39, 0.15, 0.05, 0.02, 0.0, 0.0, 0.0, 0.0, 0.0, 0.0, 0.0]"
0.875,100,0.01,1.9537,2.6591,0.3868,0.2692,"[4393.7, 2472.91, 1392.84, 821.68, 417.15, 257.74, 128.55, 78.51, 41.0, 22.37, 12.38, 5.39, 2.54, 1.31, 0.53, 0.23, 0.07, 0.02, 0.01, 0.0, 0.0, 0.0, 0.0, 0.0, 0.0]"
0.875,300,0.0001,2.0006,2.5566,0.6161,0.4399,"[4232.5, 2419.7, 1348.31, 824.8, 435.14, 249.72, 142.28, 71.11, 46.15, 22.76, 11.42, 6.82, 3.64, 1.8, 1.08, 0.44, 0.23, 0.1, 0.05, 0.02, 0.01, 0.0, 0.0, 0.0, 0.0]"
0.875,300,0.001,1.9997,2.7162,0.5683,0.2572,"[4223.02, 2533.44, 1330.85, 834.31, 365.33, 225.52, 134.01, 77.63, 40.64, 22.98, 13.34, 7.07, 3.55, 1.9, 0.94, 0.54, 0.21, 0.1, 0.05, 0.02, 0.01, 0.0, 0.0, 0.0, 0.0]"
0.875,300,0.01,1.9268,2.6241,0.4729,0.2593,"[4069.37, 2539.78, 1446.13, 754.88, 480.75, 261.65, 162.56, 83.16, 51.6, 23.41, 15.16, 7.33, 4.03, 2.45, 1.15, 0.58, 0.3, 0.15, 0.06, 0.02, 0.01, 0.0, 0.0, 0.0, 0.0]"
0.875,1000,0.0001,1.9902,2.6243,0.6393,0.3168,"[4383.02, 2325.29, 1344.73, 704.46, 450.81, 238.08, 139.82, 74.71, 43.75, 26.67, 13.42, 7.73, 4.46, 2.45, 1.25, 0.74, 0.39, 0.2, 0.09, 0.05, 0.03, 0.01, 0.01, 0.0, 0.0]"
0.875,1000,0.001,2.0258,2.6717,0.5872,0.3799,"[4270.05, 2372.25, 1348.19, 747.5, 436.7, 233.24, 124.58, 76.87, 41.23, 24.05, 12.78, 6.83, 3.64, 2.27, 1.14, 0.6, 0.31, 0.16, 0.08, 0.05, 0.02, 0.01, 0.0, 0.0, 0.0]"
0.875,1000,0.01,1.9568,2.6643,0.4142,0.2607,"[4358.1, 2499.29, 1376.05, 802.27, 447.3, 262.13, 148.12, 85.62, 50.41, 25.77, 15.29, 8.27, 4.75, 2.59, 1.46, 0.75, 0.42, 0.25, 0.13, 0.06, 0.03, 0.01, 0.01, 0.0, 0.0]"
0.9,100,0.0001,1.9157,2.4933,0.7051,0.3983,"[4359.37, 2241.71, 1352.28, 747.43, 464.26, 249.58, 139.7, 78.42, 43.97, 24.69, 13.09, 7.03, 3.6, 1.5, 0.8, 0.31, 0.12, 0.04, 0.01, 0.0, 0.0, 0.0, 0.0, 0.0, 0.0]"
0.9,100,0.001,1.8803,2.5487,0.6769,0.2425,"[4201.3, 2570.26, 1391.88, 848.19, 472.82, 250.18, 155.15, 86.22, 44.43, 25.54, 14.71, 7.53, 3.54, 2.06, 0.89, 0.34, 0.14, 0.05, 0.01, 0.0, 0.0, 0.0, 0.0, 0.0, 0.0]"
0.9,100,0.01,1.9519,2.5297,0.4461,0.4367,"[4511.69, 2357.2, 1387.11, 809.95, 438.95, 247.72, 144.11, 74.79, 44.07, 23.74, 12.5, 6.42, 3.36, 1.61, 0.64, 0.24, 0.1, 0.04, 0.01, 0.0, 0.0, 0.0, 0.0, 0.0, 0.0]"
0.9,300,0.0001,1.8794,2.511,0.6726,0.2871,"[4235.15, 2329.41, 1380.26, 839.6, 502.62, 279.41, 156.32, 93.13, 52.82, 28.59, 17.66, 9.65, 5.19, 3.0, 1.43, 0.76, 0.43, 0.19, 0.1, 0.04, 0.01, 0.0, 0.0, 0.0, 0.0]"
0.9,300,0.001,1.8438,2.5693,0.6584,0.1254,"[4045.87, 2545.1, 1467.71, 875.95, 509.05, 289.29, 156.49, 89.0, 56.49, 32.3, 19.27, 10.21, 5.69, 3.29, 1.77, 0.88, 0.49, 0.27, 0.11, 0.05, 0.02, 0.01, 0.0, 0.0, 0.0]"
0.9,300,0.01,1.9442,2.4806,0.497,0.4411,"[4136.35, 2472.97, 1461.64, 871.31, 409.78, 254.12, 150.78, 85.98, 49.06, 25.44, 13.33, 8.62, 4.5, 2.38, 1.3, 0.65, 0.33, 0.14, 0.07, 0.03, 0.01, 0.0, 0.0, 0.0, 0.0]"
0.9,1000,0.0001,1.9195,2.5286,0.6814,0.318,"[4241.95, 2578.24, 1409.22, 763.65, 446.22, 256.18, 144.27, 83.94, 55.05, 28.64, 17.81, 9.9, 5.02, 2.95, 1.62, 0.97, 0.53, 0.26, 0.15, 0.08, 0.04, 0.02, 0.01, 0.0, 0.0]"
0.9,1000,0.001,1.8968,2.479,0.7032,0.3314,"[4151.56, 2505.35, 1470.1, 843.25, 493.4, 270.06, 148.42, 85.74, 53.91, 33.33, 16.87, 10.69, 5.32, 3.27, 1.7, 1.0, 0.54, 0.33, 0.19, 0.08, 0.04, 0.02, 0.01, 0.0, 0.0]"
0.9,1000,0.01,1.8861,2.466,0.5294,0.3295,"[4131.83, 2456.6, 1596.51, 818.07, 474.66, 292.62, 166.56, 94.84, 49.01, 34.3, 18.58, 10.68, 6.29, 3.56, 1.9, 1.19, 0.58, 0.3, 0.18, 0.09, 0.05, 0.02, 0.01, 0.0, 0.0]"
0.925,100,0.0001,1.7828,2.2939,0.783,0.3358,"[4229.37, 2505.28, 1391.14, 870.12, 490.13, 290.99, 157.12, 103.34, 59.2, 34.26, 21.07, 9.77, 5.92, 2.93, 1.36, 0.67, 0.27, 0.1, 0.03, 0.01, 0.0, 0.0, 0.0, 0.0, 0.0]"
0.925,100,0.001,1.7488,2.36,0.754,0.1604,"[4215.84, 2502.82, 1468.85, 890.1, 473.96, 354.95, 166.92, 115.86, 59.57, 36.3, 21.9, 12.4, 6.15, 3.1, 1.5, 0.72, 0.3, 0.13, 0.04, 0.01, 0.0, 0.0, 0.0, 0.0, 0.0]"
0.925,100,0.01,1.8015,2.3795,0.5918,0.2401,"[4273.92, 2350.09, 1412.29, 845.53, 565.69, 272.91, 169.55, 99.97, 54.4, 33.47, 17.25, 9.85, 4.95, 2.52, 1.28, 0.58, 0.25, 0.09, 0.03, 0.01, 0.0, 0.0, 0.0, 0.0, 0.0]"
0.925,300,0.0001,1.7638,2.3152,0.7505,0.277,"[3838.96, 2394.98, 1460.66, 859.71, 517.97, 308.81, 173.28, 113.55, 64.52, 34.7, 22.14, 12.7, 7.8, 4.58, 2.39, 1.38, 0.78, 0.37, 0.19, 0.08, 0.03, 0.01, 0.0, 0.0, 0.0]"
0.925,300,0.001,1.8039,2.3354,0.7448,0.308,"[4055.22, 2505.89, 1600.89, 853.06, 518.08, 307.62, 178.44, 96.72, 57.65, 35.16, 19.87, 11.58, 6.46, 4.04, 1.96, 1.23, 0.67, 0.33, 0.15, 0.07, 0.03, 0.01, 0.0, 0.0, 0.0]"
0.925,300,0.01,1.828,2.418,0.6474,0.273,"[3953.04, 2121.64, 1484.72, 802.14, 518.53, 274.9, 177.07, 98.01, 60.51, 34.65, 20.37, 11.75, 6.59, 3.41, 2.14, 1.08, 0.58, 0.28, 0.14, 0.06, 0.03, 0.01, 0.0, 0.0, 0.0]"
0.925,1000,0.0001,1.811,2.415,0.7962,0.2518,"[3859.86, 2429.94, 1364.99, 839.69, 484.52, 304.95, 186.81, 113.28, 62.82, 35.83, 19.76, 13.11, 7.91, 4.68, 2.49, 1.46, 0.86, 0.48, 0.25, 0.14, 0.08, 0.04, 0.02, 0.01, 0.0]"
0.925,1000,0.001,1.8052,2.4319,0.7378,0.224,"[4023.72, 2311.47, 1321.91, 890.53, 478.02, 304.45, 184.47, 104.59, 64.43, 36.06, 23.9, 12.51, 8.53, 4.19, 2.48, 1.47, 0.9, 0.48, 0.3, 0.15, 0.08, 0.04, 0.02, 0.01, 0.0]"
0.925,1000,0.01,1.7091,2.4067,0.5699,0.0338,"[4124.68, 2341.79, 1469.34, 894.48, 521.88, 332.8, 202.74, 130.34, 72.6, 43.66, 29.38, 17.95, 9.68, 6.02, 3.81, 2.02, 1.25, 0.74, 0.43, 0.24, 0.13, 0.07, 0.03, 0.02, 0.01]"
0.95,100,0.0001,1.7092,2.3252,0.8123,0.1521,"[4032.74, 2301.79, 1556.61, 904.75, 563.22, 346.03, 200.21, 113.95, 64.32, 39.82, 22.82, 13.09, 7.6, 3.86, 2.13, 0.98, 0.42, 0.18, 0.06, 0.02, 0.0, 0.0, 0.0, 0.0, 0.0]"
0.95,100,0.001,1.7219,2.3113,0.835,0.1561,"[4313.25, 2418.45, 1381.69, 878.21, 512.3, 334.38, 194.05, 111.53, 71.31, 39.61, 23.43, 12.43, 7.58, 3.36, 1.96, 0.98, 0.41, 0.16, 0.06, 0.02, 0.0, 0.0, 0.0, 0.0, 0.0]"
0.95,100,0.01,1.7214,2.2657,0.6078,0.2351,"[4290.47, 2516.3, 1429.65, 820.55, 492.43, 323.49, 199.18, 113.64, 64.92, 36.7, 24.28, 13.08, 6.78, 3.74, 2.06, 0.93, 0.42, 0.18, 0.06, 0.02, 0.0, 0.0, 0.0, 0.0, 0.0]"
0.95,300,0.0001,1.7207,2.1641,0.8134,0.3481,"[4132.7, 2567.31, 1471.28, 921.16, 577.92, 299.62, 176.47, 113.57, 68.15, 42.19, 30.06, 13.97, 8.57, 5.65, 3.3, 1.74, 0.84, 0.48, 0.24, 0.12, 0.05, 0.02, 0.01, 0.0, 0.0]"
0.95,300,0.001,1.6479,2.3591,0.815,0.0883,"[3382.49, 2455.76, 1571.48, 993.35, 564.32, 353.18, 217.74, 133.07, 81.24, 45.63, 29.54, 18.48, 10.29, 6.2, 3.76, 2.35, 1.23, 0.68, 0.35, 0.17, 0.08, 0.03, 0.01, 0.0, 0.0]"
0.95,300,0.01,1.7143,2.2973,0.6588,0.171,"[3871.76, 2326.56, 1451.2, 822.26, 557.82, 354.35, 234.98, 124.4, 66.26, 47.03, 26.19, 15.85, 9.05, 5.72, 3.01, 1.73, 0.91, 0.51, 0.27, 0.13, 0.06, 0.02, 0.01, 0.0, 0.0]"
0.95,1000,0.0001,1.7244,2.2436,0.8688,0.3023,"[3942.58, 2402.3, 1409.93, 882.25, 544.06, 311.99, 205.34, 117.97, 83.81, 46.36, 28.05, 15.97, 10.07, 6.03, 3.21, 2.12, 1.36, 0.65, 0.45, 0.25, 0.12, 0.07, 0.04, 0.02, 0.01]"
0.95,1000,0.001,1.7253,2.2309,0.8353,0.2899,"[3972.18, 2401.39, 1462.4, 950.83, 521.88, 354.12, 217.47, 114.5, 70.22, 39.44, 24.45, 15.4, 9.45, 5.96, 3.36, 2.03, 1.34, 0.77, 0.42, 0.26, 0.13, 0.07, 0.04, 0.02, 0.01]"
0.95,1000,0.01,1.6982,2.2624,0.6204,0.1864,"[3752.96, 2295.73, 1415.18, 868.63, 536.42, 314.18, 198.99, 128.5, 78.88, 47.33, 27.8, 16.85, 10.03, 6.43, 3.97, 2.47, 1.43, 0.84, 0.48, 0.27, 0.15, 0.08, 0.04, 0.02, 0.01]"
0.975,100,0.0001,1.6007,2.1799,0.9251,0.0434,"[3845.09, 2425.51, 1454.27, 938.1, 546.37, 395.24, 233.85, 149.32, 86.15, 51.05, 28.47, 17.97, 10.59, 5.78, 3.1, 1.55, 0.78, 0.32, 0.13, 0.04, 0.01, 0.0, 0.0, 0.0, 0.0]"
0.975,100,0.001,1.6263,2.1104,0.9305,0.2344,"[3772.66, 2447.94, 1526.48, 837.54, 565.33, 321.04, 215.81, 121.04, 83.43, 45.08, 28.62, 17.16, 9.24, 5.6, 2.98, 1.46, 0.73, 0.31, 0.12, 0.04, 0.01, 0.0, 0.0, 0.0, 0.0]"
0.975,100,0.01,1.5823,2.1622,0.6938,0.0258,"[3986.05, 2322.93, 1350.97, 933.57, 607.86, 339.34, 227.69, 126.57, 94.12, 53.79, 34.25, 19.73, 10.04, 5.97, 3.26, 1.71, 0.85, 0.35, 0.14, 0.05, 0.01, 0.0, 0.0, 0.0, 0.0]"
0.975,300,0.0001,1.5854,2.1419,0.8773,0.0654,"[3803.26, 2323.26, 1480.69, 909.0, 635.12, 388.73, 225.8, 142.9, 93.67, 54.35, 35.93, 22.2, 13.89, 8.13, 5.13, 2.94, 1.75, 0.96, 0.52, 0.26, 0.11, 0.05, 0.02, 0.01, 0.0]"
0.975,300,0.001,1.6898,2.1143,0.9171,0.3983,"[3962.11, 2742.61, 1459.45, 820.22, 546.12, 296.34, 198.21, 123.05, 74.64, 51.62, 31.02, 17.29, 11.06, 6.11, 3.76, 1.9, 1.12, 0.63, 0.35, 0.17, 0.07, 0.03, 0.01, 0.0, 0.0]"
0.975,300,0.01,1.6196,2.1209,0.7232,0.189,"[3908.93, 2102.01, 1416.54, 877.38, 606.43, 361.41, 229.62, 136.99, 89.31, 49.79, 35.33, 18.75, 13.19, 6.56, 4.27, 2.51, 1.6, 0.88, 0.42, 0.24, 0.1, 0.05, 0.02, 0.01, 0.0]"
0.975,1000,0.0001,1.5571,2.0966,0.9321,0.0231,"[3224.18, 2275.69, 1517.8, 1005.9, 612.8, 379.69, 258.12, 151.76, 98.68, 63.41, 38.3, 25.49, 15.87, 9.91, 6.26, 4.32, 2.54, 1.5, 0.93, 0.54, 0.34, 0.19, 0.1, 0.05, 0.03]"
0.975,1000,0.001,1.5736,2.1155,0.9141,0.0604,"[3449.64, 2256.47, 1485.01, 912.75, 596.01, 363.61, 245.16, 146.58, 100.75, 56.77, 40.09, 22.44, 16.16, 10.14, 6.05, 3.69, 2.33, 1.36, 0.89, 0.55, 0.29, 0.17, 0.08, 0.05, 0.02]"
0.975,1000,0.01,1.602,2.1047,0.7365,0.1601,"[3889.27, 2243.78, 1508.96, 894.65, 645.51, 341.48, 240.97, 138.58, 89.85, 59.25, 33.92, 24.08, 13.91, 8.41, 5.13, 3.49, 2.12, 1.34, 0.78, 0.42, 0.25, 0.16, 0.08, 0.04, 0.02]"
1.0,100,0.0001,1.4895,2.0048,1.029,0.074,"[3488.77, 2394.18, 1468.3, 916.36, 610.61, 385.25, 246.96, 162.67, 109.23, 64.56, 39.03, 24.63, 15.09, 8.76, 4.86, 2.67, 1.29, 0.6, 0.25, 0.1, 0.03, 0.01, 0.0, 0.0, 0.0]"
1.0,100,0.001,1.4848,1.9653,0.9733,-0.0311,"[3791.51, 2277.07, 1651.18, 956.57, 577.76, 435.38, 246.78, 166.39, 99.46, 65.31, 40.25, 25.8, 15.7, 9.06, 5.07, 2.75, 1.43, 0.69, 0.29, 0.1, 0.03, 0.01, 0.0, 0.0, 0.0]"
1.0,100,0.01,1.5199,2.0351,0.7948,-0.0086,"[3714.92, 2234.41, 1542.13, 940.93, 615.66, 406.0, 274.75, 167.57, 90.61, 60.27, 37.13, 22.05, 13.24, 8.71, 4.55, 2.52, 1.29, 0.58, 0.22, 0.08, 0.02, 0.01, 0.0, 0.0, 0.0]"
1.0,300,0.0001,1.4936,1.9405,1.0371,0.0809,"[3473.67, 1956.78, 1716.96, 946.49, 655.83, 404.69, 255.09, 166.68, 114.77, 71.6, 42.06, 30.37, 18.06, 11.33, 7.23, 4.89, 2.6, 1.51, 0.83, 0.45, 0.23, 0.11, 0.04, 0.02, 0.0]"
1.0,300,0.001,1.5251,1.9993,0.9676,0.0736,"[3362.27, 2330.22, 1479.22, 878.38, 553.97, 406.45, 249.18, 167.61, 106.21, 61.06, 36.0, 26.62, 16.05, 10.57, 6.83, 3.77, 2.13, 1.27, 0.75, 0.42, 0.18, 0.09, 0.03, 0.01, 0.0]"
1.0,300,0.01,1.5212,1.9916,0.7756,0.116,"[3815.76, 2213.7, 1554.82, 917.96, 645.11, 391.0, 264.73, 155.56, 96.3, 70.67, 41.43, 25.41, 18.68, 9.9, 5.87, 3.95, 2.34, 1.41, 0.79, 0.39, 0.2, 0.09, 0.03, 0.01, 0.0]"
1.0,1000,0.0001,1.4847,2.018,1.0236,0.0695,"[3286.8, 2289.29, 1380.11, 880.94, 605.49, 368.65, 264.09, 172.9, 109.49, 76.9, 48.8, 31.25, 20.09, 12.08, 8.38, 5.06, 3.13, 2.09, 1.21, 0.75, 0.51, 0.29, 0.15, 0.09, 0.05]"
1.0,1000,0.001,1.4803,2.024,0.9999,0.1117,"[3578.9, 2248.84, 1544.94, 963.08, 666.62, 444.17, 269.87, 189.62, 114.26, 70.55, 53.03, 31.89, 20.39, 13.97, 9.04, 5.37, 3.4, 1.97, 1.43, 0.86, 0.51, 0.28, 0.19, 0.1, 0.05]"
1.0,1000,0.01,1.5364,1.9975,0.7603,0.1207,"[3576.87, 2245.36, 1460.04, 980.16, 684.47, 378.2, 247.44, 167.31, 107.33, 68.82, 45.47, 25.28, 17.5, 10.62, 6.57, 4.54, 2.65, 1.66, 1.06, 0.6, 0.41, 0.22, 0.12, 0.06, 0.03]"
1.025,100,0.0001,1.5586,2.1399,0.9469,0.059,"[3683.48, 2209.74, 1657.24, 895.85, 583.85, 379.96, 230.78, 153.78, 96.97, 55.39, 29.94, 20.54, 12.66, 6.99, 3.83, 1.87, 0.99, 0.41, 0.16, 0.06, 0.01, 0.0, 0.0, 0.0, 0.0]"
1.025,100,0.001,1.5374,2.0996,0.8656,0.0259,"[3698.52, 2166.52, 1401.68, 909.73, 605.51, 394.14, 234.96, 151.2, 101.65, 57.63, 37.01, 23.75, 12.94, 7.53, 4.27, 2.39, 1.09, 0.5, 0.17, 0.06, 0.02, 0.0, 0.0, 0.0, 0.0]"
1.025,100,0.01,1.6062,2.0661,0.7308,0.2409,"[3972.27, 2307.81, 1385.25, 979.34, 543.4, 351.31, 216.89, 137.92, 84.29, 51.92, 30.37, 17.32, 10.67, 5.32, 3.43, 1.63, 0.79, 0.38, 0.13, 0.04, 0.01, 0.0, 0.0, 0.0, 0.0]"
1.025,300,0.0001,1.5975,2.0892,0.9213,0.1814,"[3550.97, 2469.71, 1522.34, 1059.83, 571.02, 350.3, 231.96, 148.47, 86.05, 58.47, 33.38, 22.01, 13.19, 8.83, 4.75, 2.89, 1.51, 0.89, 0.49, 0.26, 0.12, 0.05, 0.02, 0.01, 0.0]"
1.025,300,0.001,1.5989,2.1726,0.8774,0.0353,"[3496.49, 2260.95, 1437.57, 906.18, 635.24, 359.38, 255.76, 142.41, 93.41, 56.69, 33.61, 21.04, 13.83, 7.25, 4.78, 2.63, 1.7, 0.83, 0.45, 0.24, 0.11, 0.05, 0.02, 0.01, 0.0]"
1.025,300,0.01,1.6711,2.0455,0.7917,0.4417,"[3761.36, 2290.78, 1480.14, 918.27, 544.26, 328.1, 209.56, 125.36, 79.53, 46.46, 31.07, 16.83, 9.81, 6.54, 3.94, 2.13, 1.17, 0.63, 0.33, 0.18, 0.08, 0.03, 0.01, 0.0, 0.0]"
1.025,1000,0.0001,1.5856,2.0996,0.8904,0.1022,"[3417.47, 2417.0, 1452.33, 930.19, 633.62, 328.32, 228.09, 143.0, 95.75, 54.13, 40.79, 21.66, 15.03, 8.86, 6.2, 3.69, 2.11, 1.35, 0.87, 0.48, 0.25, 0.16, 0.09, 0.04, 0.02]"
1.025,1000,0.001,1.5657,2.1034,0.835,0.0514,"[3537.27, 2247.03, 1352.54, 956.93, 639.56, 420.41, 244.68, 143.15, 100.76, 64.73, 38.31, 26.13, 14.93, 9.61, 5.82, 3.82, 2.45, 1.45, 0.94, 0.52, 0.35, 0.19, 0.1, 0.05, 0.03]"
1.025,1000,0.01,1.6143,2.1144,0.6983,0.1901,"[3603.82, 2311.73, 1464.25, 933.58, 608.27, 382.65, 254.43, 131.03, 90.69, 59.34, 34.09, 21.32, 14.71, 9.2, 5.22, 3.2, 2.02, 1.12, 0.73, 0.38, 0.23, 0.13, 0.07, 0.04, 0.02]"
1.05,100,0.0001,1.7276,2.2638,0.8779,0.2547,"[4095.5, 2230.24, 1508.62, 796.0, 530.36, 297.87, 190.4, 107.46, 65.08, 38.99, 22.84, 12.46, 7.09, 4.05, 1.78, 0.88, 0.42, 0.16, 0.06, 0.02, 0.0, 0.0, 0.0, 0.0, 0.0]"
1.05,100,0.001,1.7087,2.2463,0.8539,0.2354,"[3520.78, 2347.09, 1325.57, 910.08, 564.94, 317.91, 184.72, 116.02, 72.77, 39.66, 22.45, 13.61, 7.58, 3.84, 2.13, 0.97, 0.39, 0.17, 0.06, 0.02, 0.0, 0.0, 0.0, 0.0, 0.0]"
1.05,100,0.01,1.7162,2.2924,0.6261,0.1858,"[4148.63, 2228.5, 1454.56, 920.18, 525.08, 305.32, 185.29, 120.57, 68.11, 39.76, 23.29, 13.23, 6.84, 3.74, 1.98, 0.99, 0.43, 0.17, 0.06, 0.02, 0.0, 0.0, 0.0, 0.0, 0.0]"
1.05,300,0.0001,1.7185,2.1922,0.9099,0.3396,"[3998.12, 2259.35, 1409.15, 918.11, 568.2, 299.55, 221.75, 107.46, 66.76, 45.33, 25.89, 15.56, 9.16, 4.95, 2.97, 1.77, 0.92, 0.48, 0.27, 0.12, 0.05, 0.02, 0.01, 0.0, 0.0]"
1.05,300,0.001,1.6833,2.2528,0.87,0.1659,"[3947.18, 2600.23, 1406.64, 924.0, 499.31, 347.26, 182.39, 115.31, 82.38, 49.69, 27.66, 16.84, 10.21, 5.85, 3.37, 1.99, 1.08, 0.58, 0.33, 0.15, 0.06, 0.02, 0.01, 0.0, 0.0]"
1.05,300,0.01,1.7175,2.1966,0.6173,0.3432,"[3712.41, 2451.33, 1503.4, 886.91, 512.84, 330.59, 196.44, 123.75, 76.42, 42.66, 26.33, 16.01, 9.04, 5.22, 3.36, 1.7, 0.91, 0.53, 0.25, 0.13, 0.05, 0.02, 0.01, 0.0, 0.0]"
1.05,1000,0.0001,1.7514,2.1787,0.888,0.4395,"[4130.37, 2548.17, 1428.66, 802.25, 547.15, 346.2, 198.51, 104.58, 69.25, 41.41, 25.54, 14.91, 8.98, 5.39, 3.09, 1.73, 1.08, 0.66, 0.36, 0.21, 0.11, 0.06, 0.03, 0.02, 0.01]"
1.05,1000,0.001,1.6947,2.2415,0.8016,0.1709,"[3561.62, 2553.92, 1446.63, 791.78, 527.1, 318.11, 218.8, 129.0, 75.0, 49.69, 29.08, 18.32, 10.86, 6.75, 4.02, 2.22, 1.42, 0.83, 0.5, 0.26, 0.15, 0.08, 0.04, 0.02, 0.01]"
1.05,1000,0.01,1.741,2.16,0.6055,0.41,"[3800.43, 2435.97, 1522.44, 908.11, 496.51, 314.44, 186.19, 122.45, 74.07, 38.94, 25.87, 15.45, 8.71, 5.79, 3.31, 1.99, 1.19, 0.71, 0.38, 0.22, 0.12, 0.06, 0.03, 0.01, 0.01]"
1.075,100,0.0001,1.8416,2.3718,0.7615,0.3661,"[4095.29, 2520.33, 1426.61, 896.3, 453.25, 302.29, 152.82, 90.87, 53.04, 29.44, 17.32, 9.02, 4.37, 2.14, 1.21, 0.54, 0.2, 0.07, 0.02, 0.01, 0.0, 0.0, 0.0, 0.0, 0.0]"
1.075,100,0.001,1.7484,2.4074,0.7405,0.122,"[3705.99, 2217.21, 1520.52, 849.45, 518.09, 305.87, 187.21, 105.49, 60.53, 36.03, 19.78, 12.45, 6.43, 3.41, 1.56, 0.74, 0.32, 0.12, 0.04, 0.01, 0.0, 0.0, 0.0, 0.0, 0.0]"
1.075,100,0.01,1.7766,2.4912,0.5987,0.0881,"[3867.86, 2491.53, 1468.87, 882.44, 492.94, 280.79, 169.97, 94.23, 60.44, 33.24, 18.45, 10.6, 6.15, 3.0, 1.39, 0.66, 0.27, 0.1, 0.03, 0.01, 0.0, 0.0, 0.0, 0.0, 0.0]"
1.075,300,0.0001,1.806,2.3736,0.7397,0.3126,"[3976.07, 2500.88, 1447.51, 731.53, 466.57, 300.32, 171.08, 112.52, 59.35, 36.7, 20.49, 12.39, 7.26, 3.96, 2.2, 1.14, 0.61, 0.32, 0.16, 0.07, 0.03, 0.01, 0.0, 0.0, 0.0]"
1.075,300,0.001,1.8054,2.3345,0.7654,0.3755,"[4228.61, 2362.98, 1484.39, 865.13, 529.25, 284.54, 192.56, 100.62, 60.04, 34.57, 20.33, 11.44, 6.34, 3.88, 2.35, 1.23, 0.61, 0.33, 0.15, 0.06, 0.03, 0.01, 0.0, 0.0, 0.0]"
1.075,300,0.01,1.8186,2.3771,0.5777,0.3245,"[4158.84, 2446.69, 1605.21, 889.11, 504.57, 293.43, 177.21, 93.12, 59.48, 35.74, 20.34, 10.92, 6.44, 3.82, 2.05, 1.27, 0.62, 0.29, 0.14, 0.06, 0.03, 0.01, 0.0, 0.0, 0.0]"
1.075,1000,0.0001,1.837,2.3442,0.7537,0.3531,"[4245.01, 2507.08, 1422.02, 896.86, 487.19, 309.97, 170.22, 98.71, 57.18, 37.02, 20.9, 12.54, 7.38, 3.73, 2.21, 1.29, 0.72, 0.41, 0.24, 0.12, 0.07, 0.04, 0.02, 0.01, 0.0]"
1.075,1000,0.001,1.7928,2.2948,0.7425,0.372,"[4145.08, 2293.23, 1531.9, 954.34, 588.92, 284.65, 201.54, 111.52, 63.41, 37.23, 22.02, 12.72, 7.8, 4.79, 2.68, 1.61, 0.95, 0.51, 0.28, 0.16, 0.09, 0.04, 0.02, 0.01, 0.0]"
1.075,1000,0.01,1.8053,2.3597,0.5615,0.3469,"[4357.35, 2403.34, 1337.88, 917.91, 495.39, 297.02, 175.53, 107.05, 65.93, 35.75, 21.76, 12.39, 7.9, 4.22, 2.75, 1.52, 0.87, 0.47, 0.27, 0.15, 0.08, 0.04, 0.02, 0.01, 0.0]"
1.1,100,0.0001,1.9186,2.4928,0.6772,0.3939,"[4155.68, 2581.4, 1450.88, 784.87, 471.05, 250.56, 144.73, 88.22, 42.74, 24.51, 13.24, 6.64, 3.53, 1.45, 0.76, 0.33, 0.12, 0.04, 0.01, 0.0, 0.0, 0.0, 0.0, 0.0, 0.0]"
1.1,100,0.001,1.9229,2.4346,0.7118,0.4196,"[4624.77, 2511.75, 1393.3, 756.64, 499.19, 246.71, 141.69, 71.95, 46.83, 23.31, 11.59, 6.49, 3.48, 1.65, 0.74, 0.32, 0.12, 0.04, 0.01, 0.0, 0.0, 0.0, 0.0, 0.0, 0.0]"
1.1,100,0.01,1.9168,2.5177,0.5061,0.3351,"[4030.97, 2316.04, 1427.33, 759.39, 502.9, 263.85, 152.42, 76.87, 46.71, 26.64, 13.25, 7.09, 3.46, 1.61, 0.76, 0.33, 0.12, 0.04, 0.01, 0.0, 0.0, 0.0, 0.0, 0.0, 0.0]"
1.1,300,0.0001,1.9077,2.4171,0.655,0.4707,"[3999.16, 2415.23, 1389.98, 830.08, 441.67, 297.79, 152.95, 89.57, 55.19, 27.82, 14.89, 8.29, 5.42, 2.6, 1.38, 0.75, 0.38, 0.2, 0.08, 0.03, 0.01, 0.0, 0.0, 0.0, 0.0]"
1.1,300,0.001,1.8685,2.4915,0.6533,0.2769,"[4531.63, 2327.19, 1511.5, 885.67, 452.15, 256.01, 145.84, 98.17, 55.73, 31.69, 18.67, 9.63, 5.51, 3.44, 1.7, 0.8, 0.46, 0.23, 0.09, 0.04, 0.02, 0.0, 0.0, 0.0, 0.0]"
1.1,300,0.01,1.9311,2.5224,0.5199,0.3814,"[4146.89, 2434.08, 1450.39, 815.16, 479.41, 263.97, 139.87, 86.39, 44.75, 26.82, 16.16, 8.23, 4.37, 2.51, 1.36, 0.66, 0.34, 0.17, 0.07, 0.03, 0.01, 0.0, 0.0, 0.0, 0.0]"
1.1,1000,0.0001,1.839,2.4158,0.7069,0.3152,"[3670.24, 2387.18, 1399.92, 882.6, 449.65, 287.08, 169.02, 94.87, 56.79, 34.24, 21.96, 11.22, 6.69, 4.31, 2.29, 1.28, 0.79, 0.38, 0.23, 0.11, 0.06, 0.03, 0.01, 0.01, 0.0]"
1.1,1000,0.001,1.9575,2.4012,0.653,0.5092,"[4331.01, 2358.97, 1418.27, 831.29, 435.2, 241.67, 154.35, 85.38, 48.26, 26.69, 15.91, 8.13, 4.89, 2.83, 1.54, 0.85, 0.43, 0.24, 0.12, 0.06, 0.03, 0.02, 0.01, 0.0, 0.0]"
1.1,1000,0.01,1.896,2.4995,0.4306,0.3141,"[4561.68, 2634.88, 1400.48, 831.82, 491.86, 289.81, 174.75, 98.56, 53.78, 30.03, 18.45, 10.18, 5.71, 2.9, 1.75, 1.13, 0.59, 0.31, 0.16, 0.09, 0.04, 0.02, 0.01, 0.0, 0.0]"
1.125,100,0.0001,1.9828,2.6015,0.6544,0.3543,"[4271.51, 2665.06, 1413.04, 790.47, 419.95, 235.18, 135.39, 68.77, 41.93, 20.34, 10.64, 5.19, 2.63, 1.24, 0.53, 0.19, 0.07, 0.02, 0.0, 0.0, 0.0, 0.0, 0.0, 0.0, 0.0]"
1.125,100,0.001,1.9976,2.679,0.5786,0.325,"[4589.83, 2676.04, 1224.7, 803.18, 470.11, 239.11, 127.78, 69.3, 34.25, 21.15, 9.89, 5.29, 2.57, 1.09, 0.46, 0.19, 0.07, 0.02, 0.0, 0.0, 0.0, 0.0, 0.0, 0.0, 0.0]"
1.125,100,0.01,1.9602,2.6386,0.4021,0.2693,"[4309.01, 2434.16, 1337.69, 802.84, 424.45, 247.3, 136.79, 76.11, 38.79, 20.47, 10.97, 5.88, 2.64, 1.32, 0.53, 0.2, 0.07, 0.02, 0.0, 0.0, 0.0, 0.0, 0.0, 0.0, 0.0]"
1.125,300,0.0001,1.9955,2.5339,0.6479,0.4872,"[4323.32, 2657.91, 1371.38, 735.8, 485.04, 225.26, 134.72, 74.69, 40.81, 22.27, 12.45, 6.95, 3.54, 2.03, 0.95, 0.47, 0.23, 0.11, 0.04, 0.02, 0.01, 0.0, 0.0, 0.0, 0.0]"
1.125,300,0.001,1.9637,2.5878,0.5898,0.3627,"[4030.98, 2367.42, 1443.01, 831.06, 442.81, 240.74, 139.24, 78.4, 44.43, 23.9, 13.57, 7.59, 4.31, 2.12, 1.15, 0.57, 0.27, 0.12, 0.05, 0.02, 0.01, 0.0, 0.0, 0.0, 0.0]"
1.125,300,0.01,1.978,2.6113,0.3945,0.3563,"[4386.31, 2599.66, 1434.55, 818.31, 455.99, 234.74, 144.86, 71.67, 41.86, 24.76, 11.95, 7.41, 3.83, 2.01, 1.0, 0.46, 0.25, 0.12, 0.05, 0.02, 0.01, 0.0, 0.0, 0.0, 0.0]"
1.125,1000,0.0001,1.9597,2.597,0.6324,0.3309,"[4414.66, 2432.6, 1359.39, 760.05, 442.27, 255.65, 147.13, 78.19, 47.88, 24.99, 14.22, 8.15, 4.8, 2.81, 1.37, 0.82, 0.41, 0.24, 0.12, 0.06, 0.03, 0.01, 0.01, 0.0, 0.0]"
1.125,1000,0.001,1.9909,2.6904,0.5529,0.2385,"[4141.38, 2514.15, 1428.58, 784.92, 403.31, 245.35, 128.47, 86.34, 44.63, 23.75, 14.97, 8.28, 4.49, 2.48, 1.25, 0.73, 0.36, 0.21, 0.1, 0.05, 0.03, 0.01, 0.0, 0.0, 0.0]"
1.125,1000,0.01,1.9981,2.6319,0.3904,0.3181,"[4707.84, 2595.72, 1393.88, 802.25, 433.89, 255.55, 135.59, 80.28, 41.63, 26.58, 13.28, 6.99, 3.88, 2.34, 1.27, 0.64, 0.38, 0.19, 0.1, 0.05, 0.02, 0.01, 0.01, 0.0, 0.0]"
1.15,100,0.0001,2.1119,2.6575,0.5216,0.5203,"[4611.26, 2399.92, 1386.12, 755.12, 380.6, 197.91, 99.09, 55.36, 27.56, 13.94, 7.31, 3.16, 1.33, 0.59, 0.23, 0.07, 0.03, 0.01, 0.0, 0.0, 0.0, 0.0, 0.0, 0.0, 0.0]"
1.15,100,0.001,2.0817,2.6963,0.505,0.4458,"[4406.1, 2375.3, 1332.31, 668.99, 366.82, 213.37, 108.11, 58.07, 29.05, 16.01, 7.09, 3.44, 1.67, 0.7, 0.27, 0.09, 0.03, 0.01, 0.0, 0.0, 0.0, 0.0, 0.0, 0.0, 0.0]"
1.15,100,0.01,2.1083,2.7647,0.3312,0.4038,"[4980.66, 2368.05, 1265.02, 742.64, 398.9, 222.83, 95.57, 57.92, 28.86, 15.37, 6.6, 3.43, 1.43, 0.59, 0.25, 0.08, 0.02, 0.01, 0.0, 0.0, 0.0, 0.0, 0.0, 0.0, 0.0]"
1.15,300,0.0001,2.1321,2.6691,0.5825,0.5255,"[4353.45, 2647.96, 1449.66, 691.33, 400.28, 206.47, 113.11, 55.08, 29.79, 16.03, 8.22, 4.26, 2.26, 1.09, 0.54, 0.25, 0.11, 0.04, 0.02, 0.01, 0.0, 0.0, 0.0, 0.0, 0.0]"
1.15,300,0.001,2.1108,2.7937,0.5288,0.3746,"[4209.78, 2339.02, 1339.27, 752.0, 387.4, 205.98, 109.68, 63.95, 30.93, 18.43, 8.98, 4.8, 2.39, 1.26, 0.56, 0.27, 0.12, 0.05, 0.02, 0.01, 0.0, 0.0, 0.0, 0.0, 0.0]"
1.15,300,0.01,2.0759,2.712,0.3086,0.4208,"[4688.81, 2396.78, 1397.48, 726.52, 389.99, 222.64, 129.53, 65.78, 36.12, 19.8, 10.58, 5.13, 2.69, 1.34, 0.66, 0.33, 0.15, 0.06, 0.02, 0.01, 0.0, 0.0, 0.0, 0.0, 0.0]"
1.15,1000,0.0001,2.0747,2.728,0.5628,0.3993,"[4229.26, 2517.6, 1297.98, 752.89, 475.28, 219.79, 129.83, 65.11, 36.44, 21.32, 10.04, 5.26, 3.1, 1.61, 0.96, 0.47, 0.23, 0.12, 0.06, 0.03, 0.01, 0.01, 0.0, 0.0, 0.0]"
1.15,1000,0.001,2.0775,2.753,0.5805,0.3669,"[4808.45, 2461.76, 1270.88, 742.58, 360.01, 232.05, 117.15, 67.22, 36.54, 21.05, 10.96, 5.87, 3.42, 1.78, 0.87, 0.49, 0.24, 0.12, 0.06, 0.03, 0.01, 0.01, 0.0, 0.0, 0.0]"
1.15,1000,0.01,2.1317,2.6957,0.2884,0.502,"[4620.93, 2654.0, 1331.59, 736.84, 372.57, 223.34, 113.62, 62.69, 31.56, 17.07, 9.43, 4.91, 2.82, 1.4, 0.75, 0.41, 0.2, 0.1, 0.04, 0.02, 0.01, 0.0, 0.0, 0.0, 0.0]"
1.175,100,0.0001,2.2669,2.8456,0.4441,0.561,"[5479.91, 2738.99, 1340.26, 688.97, 327.65, 166.32, 85.21, 41.39, 18.96, 9.44, 4.6, 1.81, 0.78, 0.26, 0.09, 0.02, 0.01, 0.0, 0.0, 0.0, 0.0, 0.0, 0.0, 0.0, 0.0]"
1.175,100,0.001,2.1286,2.8899,0.4557,0.3423,"[4825.87, 2420.21, 1414.23, 726.41, 376.63, 195.89, 100.55, 52.19, 25.32, 12.63, 5.84, 2.57, 1.05, 0.42, 0.15, 0.04, 0.01, 0.0, 0.0, 0.0, 0.0, 0.0, 0.0, 0.0, 0.0]"
1.175,100,0.01,2.2273,2.972,0.258,0.3754,"[5056.71, 2387.9, 1356.36, 695.94, 359.3, 182.8, 83.5, 46.28, 19.01, 9.77, 4.63, 1.97, 0.74, 0.3, 0.11, 0.03, 0.01, 0.0, 0.0, 0.0, 0.0, 0.0, 0.0, 0.0, 0.0]"
1.175,300,0.0001,2.1531,2.8637,0.4557,0.369,"[5087.22, 2647.6, 1272.39, 709.86, 331.56, 204.78, 109.22, 57.69, 30.66, 15.38, 7.81, 3.97, 1.86, 0.93, 0.45, 0.18, 0.08, 0.03, 0.01, 0.0, 0.0, 0.0, 0.0, 0.0, 0.0]"
1.175,300,0.001,2.1981,2.8984,0.4694,0.4271,"[4845.29, 2643.34, 1288.94, 697.86, 378.75, 176.96, 97.69, 52.6, 28.24, 13.75, 7.14, 3.12, 1.62, 0.73, 0.37, 0.15, 0.07, 0.02, 0.01, 0.0, 0.0, 0.0, 0.0, 0.0, 0.0]"
1.175,300,0.01,2.196,2.8529,0.2337,0.4323,"[4856.25, 2384.72, 1213.59, 696.74, 345.62, 179.6, 104.29, 53.28, 27.75, 15.06, 7.12, 3.55, 1.66, 0.87, 0.35, 0.17, 0.06, 0.02, 0.01, 0.0, 0.0, 0.0, 0.0, 0.0, 0.0]"
1.175,1000,0.0001,2.2534,2.8146,0.4915,0.5855,"[5050.49, 2676.17, 1388.35, 724.0, 380.95, 183.65, 93.74, 52.93, 27.17, 13.89, 6.89, 3.19, 1.91, 0.93, 0.47, 0.22, 0.11, 0.05, 0.02, 0.01, 0.0, 0.0, 0.0, 0.0, 0.0]"
1.175,1000,0.001,2.1518,2.8273,0.471,0.4163,"[5166.74, 2446.63, 1260.0, 725.36, 399.11, 211.28, 116.59, 61.87, 30.86, 17.7, 8.46, 4.61, 2.64, 1.19, 0.65, 0.33, 0.16, 0.08, 0.03, 0.02, 0.01, 0.0, 0.0, 0.0, 0.0]"
1.175,1000,0.01,2.2338,2.8971,0.2922,0.4391,"[4495.86, 2474.74, 1360.13, 706.26, 383.23, 191.88, 103.23, 55.36, 28.25, 13.83, 7.36, 3.9, 2.0, 0.96, 0.48, 0.23, 0.12, 0.06, 0.03, 0.01, 0.0, 0.0, 0.0, 0.0, 0.0]"
1.2,100,0.0001,2.3231,2.9539,0.4154,0.5299,"[4748.81, 2354.74, 1294.57, 624.02, 299.5, 155.01, 77.9, 32.51, 15.12, 6.4, 2.76, 1.04, 0.35, 0.12, 0.03, 0.01, 0.0, 0.0, 0.0, 0.0, 0.0, 0.0, 0.0, 0.0, 0.0]"
1.2,100,0.001,2.2893,2.9762,0.4036,0.4378,"[4765.95, 2463.83, 1294.2, 616.17, 318.51, 163.7, 71.43, 36.21, 16.77, 7.56, 2.96, 1.13, 0.39, 0.12, 0.03, 0.01, 0.0, 0.0, 0.0, 0.0, 0.0, 0.0, 0.0, 0.0, 0.0]"
1.2,100,0.01,2.3373,3.0047,0.1887,0.514,"[4920.32, 2705.85, 1226.06, 659.66, 296.69, 152.49, 72.57, 34.88, 14.91, 6.27, 2.75, 1.02, 0.31, 0.11, 0.02, 0.01, 0.0, 0.0, 0.0, 0.0, 0.0, 0.0, 0.0, 0.0, 0.0]"
1.2,300,0.0001,2.3165,2.9961,0.3873,0.4768,"[5130.43, 2431.75, 1314.54, 657.61, 294.05, 166.81, 79.6, 41.87, 20.77, 10.53, 4.8, 2.24, 0.96, 0.42, 0.18, 0.06, 0.02, 0.01, 0.0, 0.0, 0.0, 0.0, 0.0, 0.0, 0.0]"
1.2,300,0.001,2.3279,3.0059,0.3838,0.4616,"[4828.18, 2594.52, 1280.78, 606.92, 326.63, 157.53, 76.15, 36.52, 18.59, 10.36, 4.33, 2.19, 1.05, 0.39, 0.16, 0.07, 0.02, 0.01, 0.0, 0.0, 0.0, 0.0, 0.0, 0.0, 0.0]"
1.2,300,0.01,2.2819,2.927,0.1975,0.4975,"[5316.61, 2476.7, 1302.11, 680.03, 340.35, 172.54, 85.27, 43.55, 22.03, 10.95, 5.52, 2.35, 1.15, 0.47, 0.2, 0.07, 0.03, 0.01, 0.0, 0.0, 0.0, 0.0, 0.0, 0.0, 0.0]"
1.2,1000,0.0001,2.2998,3.0203,0.3693,0.4586,"[4630.05, 2693.37, 1387.51, 626.0, 346.59, 162.51, 87.34, 48.23, 22.67, 12.53, 5.43, 3.13, 1.49, 0.74, 0.33, 0.15, 0.07, 0.04, 0.01, 0.0, 0.0, 0.0, 0.0, 0.0, 0.0]"
1.2,1000,0.001,2.2973,3.0095,0.3327,0.4528,"[4753.76, 2431.92, 1245.23, 674.5, 331.11, 166.15, 95.81, 45.24, 24.25, 11.58, 5.74, 2.8, 1.61, 0.76, 0.34, 0.18, 0.07, 0.03, 0.01, 0.0, 0.0, 0.0, 0.0, 0.0, 0.0]"
1.2,1000,0.01,2.3352,3.0552,0.1779,0.4536,"[5088.69, 2594.48, 1209.3, 654.09, 307.38, 164.88, 87.48, 44.74, 20.8, 10.98, 5.72, 2.67, 1.3, 0.68, 0.32, 0.14, 0.06, 0.03, 0.01, 0.0, 0.0, 0.0, 0.0, 0.0, 0.0]"
