a,G,fc_fit_r,synchrony,metastability
-0.2,0.0,-0.0079,0.0,0.0
-0.2,0.0417,0.0171,0.0075,0.0
-0.2,0.0833,0.0009,0.0,0.0114
-0.2,0.125,0.0051,0.0,0.0172
-0.2,0.1667,0.0177,0.0,0.0073
-0.2,0.2083,0.0361,0.0152,0.0461
-0.2,0.25,0.0135,0.0133,0.0259
-0.2,0.2917,-0.0182,0.0192,0.0586
-0.2,0.3333,-0.0021,0.0275,0.0876
-0.2,0.375,0.0061,0.0418,0.1128
-0.2,0.4167,-0.0007,0.0467,0.0895
-0.2,0.4583,0.0036,0.0431,0.0882
-0.2,0.5,-0.0032,0.025,0.0713
-0.2,0.5417,-0.024,0.0676,0.0518
-0.2,0.5833,0.0113,0.0793,0.036
-0.2,0.625,0.0086,0.1476,0.023
-0.2,0.6667,0.0041,0.1566,0.0001
-0.2,0.7083,0.0322,0.2988,0.0
-0.2,0.75,0.0055,0.3918,0.0171
-0.2,0.7917,-0.0058,0.4673,0.0
-0.2,0.8333,-0.0086,0.5705,0.0021
-0.2,0.875,-0.0063,0.6779,0.0188
-0.2,0.9167,-0.0144,0.7693,0.0
-0.2,0.9583,0.0139,0.8521,0.0
-0.2,1.0,-0.0104,0.8941,0.0
-0.1833,0.0,0.0213,0.0,0.0113
-0.1833,0.0417,0.0336,0.0086,0.0
-0.1833,0.0833,-0.0116,0.0,0.0107
-0.1833,0.125,-0.0223,0.0,0.0104
-0.1833,0.1667,0.0235,0.0397,0.017
-0.1833,0.2083,-0.0164,0.0065,0.0348
-0.1833,0.25,0.0182,0.0,0.0433
-0.1833,0.2917,0.0003,0.0018,0.0724
-0.1833,0.3333,-0.0125,0.0,0.1031
-0.1833,0.375,0.0046,0.0034,0.1184
-0.1833,0.4167,-0.027,0.0212,0.1136
-0.1833,0.4583,0.0173,0.0327,0.1117
-0.1833,0.5,-0.0091,0.0814,0.0974
-0.1833,0.5417,-0.0144,0.0984,0.063
-0.1833,0.5833,-0.0181,0.1465,0.031
-0.1833,0.625,-0.0122,0.1867,0.0158
-0.1833,0.6667,0.0123,0.2689,0.0336
-0.1833,0.7083,-0.0078,0.3676,0.0032
-0.1833,0.75,-0.019,0.4902,0.0031
-0.1833,0.7917,-0.0116,0.5702,0.011
-0.1833,0.8333,-0.0127,0.6618,0.0106
-0.1833,0.875,0.0025,0.7582,0.0
-0.1833,0.9167,-0.0236,0.8125,0.0
-0.1833,0.9583,-0.0016,0.8608,0.0017
-0.1833,1.0,-0.0052,0.9278,0.0062
-0.1667,0.0,-0.0138,0.0258,0.0
-0.1667,0.0417,-0.0167,0.0221,0.0
-0.1667,0.0833,0.0017,0.0,0.0008
-0.1667,0.125,-0.0013,0.0,0.0049
-0.1667,0.1667,0.0013,0.0232,0.0109
-0.1667,0.2083,-0.037,0.03,0.0302
-0.1667,0.25,-0.0073,0.0,0.0458
-0.1667,0.2917,-0.0043,0.0063,0.0889
-0.1667,0.3333,-0.0062,0.0,0.0944
-0.1667,0.375,0.019,0.0102,0.1279
-0.1667,0.4167,-0.0082,0.0567,0.1248
-0.1667,0.4583,-0.0192,0.0367,0.0967
-0.1667,0.5,0.0161,0.0632,0.0859
-0.1667,0.5417,0.001,0.1327,0.0594
-0.1667,0.5833,-0.0217,0.1583,0.0303
-0.1667,0.625,-0.0382,0.2615,0.0282
-0.1667,0.6667,-0.0149,0.3653,0.0106
-0.1667,0.7083,0.0135,0.4533,0.0039
-0.1667,0.75,-0.0299,0.5456,0.0074
-0.1667,0.7917,-0.0094,0.6451,0.0005
-0.1667,0.8333,-0.0141,0.7291,0.0
-0.1667,0.875,0.0058,0.793,0.0
-0.1667,0.9167,-0.0245,0.9063,0.0
-0.1667,0.9583,-0.0169,0.9167,0.0019
-0.1667,1.0,0.0082,0.9481,0.011
-0.15,0.0,-0.0157,0.0038,0.0
-0.15,0.0417,-0.0041,0.0148,0.0
-0.15,0.0833,0.0343,0.0025,0.0
-0.15,0.125,0.012,0.0476,0.0
-0.15,0.1667,0.0128,0.0,0.0219
-0.15,0.2083,-0.0166,0.0243,0.0372
-0.15,0.25,0.0215,0.0,0.0629
-0.15,0.2917,-0.0294,0.0685,0.1122
-0.15,0.3333,0.0391,0.0556,0.1127
-0.15,0.375,0.0067,0.0432,0.1384
-0.15,0.4167,-0.0085,0.0326,0.1229
-0.15,0.4583,0.0016,0.0755,0.1182
-0.15,0.5,0.0115,0.0915,0.09
-0.15,0.5417,-0.0044,0.1867,0.0724
-0.15,0.5833,0.0111,0.2188,0.0453
-0.15,0.625,-0.0068,0.306,0.0291
-0.15,0.6667,-0.006,0.4153,0.0101
-0.15,0.7083,-0.015,0.5093,0.0002
-0.15,0.75,-0.0039,0.5864,0.0
-0.15,0.7917,0.0148,0.7231,0.0
-0.15,0.8333,-0.017,0.7934,0.0099
-0.15,0.875,0.0232,0.8415,0.0
-0.15,0.9167,0.0074,0.9044,0.0001
-0.15,0.9583,-0.0094,0.9036,0.0068
-0.15,1.0,0.0135,0.9454,0.0171
-0.1333,0.0,0.0043,0.0,0.0
-0.1333,0.0417,-0.0241,0.0,0.0058
-0.1333,0.0833,0.0374,0.0043,0.0112
-0.1333,0.125,-0.0086,0.0086,0.0128
-0.1333,0.1667,-0.0084,0.0335,0.0231
-0.1333,0.2083,0.025,0.0103,0.0408
-0.1333,0.25,-0.0003,0.0083,0.0855
-0.1333,0.2917,0.0011,0.0363,0.0983
-0.1333,0.3333,0.0265,0.0386,0.116
-0.1333,0.375,0.0227,0.0947,0.15
-0.1333,0.4167,0.0357,0.0818,0.1565
-0.1333,0.4583,0.0114,0.1083,0.1427
-0.1333,0.5,0.016,0.1803,0.0974
-0.1333,0.5417,0.0202,0.2175,0.1032
-0.1333,0.5833,0.0106,0.3113,0.029
-0.1333,0.625,-0.0042,0.4034,0.0251
-0.1333,0.6667,0.0065,0.4935,0.0122
-0.1333,0.7083,-0.0184,0.6009,0.0041
-0.1333,0.75,0.0209,0.7138,0.0
-0.1333,0.7917,-0.0079,0.8133,0.01
-0.1333,0.8333,0.0093,0.8311,0.0077
-0.1333,0.875,-0.0216,0.878,0.0035
-0.1333,0.9167,0.0097,0.9285,0.004
-0.1333,0.9583,0.0028,0.9424,0.0134
-0.1333,1.0,0.0279,0.9645,0.0
-0.1167,0.0,-0.0017,0.0035,0.0
-0.1167,0.0417,0.0234,0.0,0.0
-0.1167,0.0833,0.0006,0.0,0.0063
-0.1167,0.125,0.021,0.0317,0.021
-0.1167,0.1667,-0.0002,0.0071,0.0275
-0.1167,0.2083,0.0247,0.0238,0.0485
-0.1167,0.25,0.026,0.0394,0.0754
-0.1167,0.2917,0.0494,0.048,0.1244
-0.1167,0.3333,0.0457,0.0763,0.1371
-0.1167,0.375,0.0536,0.0855,0.149
-0.1167,0.4167,0.0463,0.0894,0.1604
-0.1167,0.4583,0.0451,0.1502,0.1443
-0.1167,0.5,0.0468,0.2116,0.1096
-0.1167,0.5417,0.0333,0.2618,0.0654
-0.1167,0.5833,0.0294,0.3883,0.051
-0.1167,0.625,0.0321,0.4711,0.0494
-0.1167,0.6667,0.0268,0.5712,0.0046
-0.1167,0.7083,0.0432,0.6511,0.0
-0.1167,0.75,-0.0,0.7618,0.0063
-0.1167,0.7917,0.0086,0.8224,0.0
-0.1167,0.8333,0.0324,0.8861,0.006
-0.1167,0.875,-0.0075,0.9121,0.0118
-0.1167,0.9167,-0.0317,0.9597,0.0
-0.1167,0.9583,0.007,0.996,0.0
-0.1167,1.0,-0.0402,0.9532,0.0001
-0.1,0.0,0.0285,0.0,0.0163
-0.1,0.0417,-0.028,0.0,0.0128
-0.1,0.0833,0.026,0.0,0.0
-0.1,0.125,0.017,0.0,0.0258
-0.1,0.1667,0.0293,0.0,0.0331
-0.1,0.2083,0.0497,0.0,0.0425
-0.1,0.25,0.0463,0.0566,0.0818
-0.1,0.2917,0.04,0.0197,0.1255
-0.1,0.3333,0.0824,0.0404,0.1471
-0.1,0.375,0.1158,0.1389,0.1708
-0.1,0.4167,0.1163,0.1358,0.1756
-0.1,0.4583,0.097,0.2241,0.1517
-0.1,0.5,0.09,0.2536,0.132
-0.1,0.5417,0.086,0.3885,0.096
-0.1,0.5833,0.0955,0.4501,0.0509
-0.1,0.625,0.0671,0.5384,0.0371
-0.1,0.6667,0.0645,0.6469,0.0233
-0.1,0.7083,0.0403,0.7694,0.0238
-0.1,0.75,0.0365,0.8164,0.015
-0.1,0.7917,0.0166,0.8665,0.0
-0.1,0.8333,0.0111,0.9317,0.0
-0.1,0.875,-0.0131,0.9155,0.0103
-0.1,0.9167,0.0089,0.989,0.0
-0.1,0.9583,-0.0168,1.0,0.0
-0.1,1.0,0.0109,0.9553,0.0018
-0.0833,0.0,0.0045,0.0,0.0198
-0.0833,0.0417,-0.0008,0.0,0.0
-0.0833,0.0833,-0.0112,0.0014,0.0001
-0.0833,0.125,0.0496,0.0182,0.0024
-0.0833,0.1667,0.0431,0.0611,0.0214
-0.0833,0.2083,0.0886,0.0134,0.0451
-0.0833,0.25,0.0955,0.0698,0.0739
-0.0833,0.2917,0.1427,0.0845,0.1213
-0.0833,0.3333,0.1758,0.1052,0.1536
-0.0833,0.375,0.1695,0.1252,0.1847
-0.0833,0.4167,0.1925,0.1937,0.178
-0.0833,0.4583,0.1879,0.253,0.1697
-0.0833,0.5,0.2132,0.3483,0.1414
-0.0833,0.5417,0.1702,0.4311,0.0897
-0.0833,0.5833,0.1528,0.5445,0.0621
-0.0833,0.625,0.1181,0.641,0.0513
-0.0833,0.6667,0.0964,0.7427,0.0222
-0.0833,0.7083,0.0637,0.8156,0.0081
-0.0833,0.75,0.0263,0.8505,0.0231
-0.0833,0.7917,0.0463,0.8987,0.0079
-0.0833,0.8333,0.0207,0.9699,0.0
-0.0833,0.875,0.0133,0.9403,0.0
-0.0833,0.9167,-0.0358,0.9759,0.0101
-0.0833,0.9583,0.0281,0.9901,0.0
-0.0833,1.0,-0.011,0.9775,0.0
-0.0667,0.0,0.0071,0.0,0.0
-0.0667,0.0417,0.0168,0.0139,0.0
-0.0667,0.0833,0.0288,0.0247,0.0211
-0.0667,0.125,0.0538,0.0605,0.0231
-0.0667,0.1667,0.0846,0.0498,0.0275
-0.0667,0.2083,0.1048,0.0559,0.0641
-0.0667,0.25,0.1795,0.076,0.1146
-0.0667,0.2917,0.1883,0.0748,0.1324
-0.0667,0.3333,0.2718,0.1267,0.1842
-0.0667,0.375,0.2948,0.17,0.2027
-0.0667,0.4167,0.3172,0.2453,0.2047
-0.0667,0.4583,0.3252,0.3405,0.1791
-0.0667,0.5,0.3086,0.3974,0.1531
-0.0667,0.5417,0.3031,0.4848,0.1089
-0.0667,0.5833,0.2351,0.6188,0.0715
-0.0667,0.625,0.1911,0.7222,0.0334
-0.0667,0.6667,0.1685,0.7867,0.0111
-0.0667,0.7083,0.1101,0.8353,0.0108
-0.0667,0.75,0.0959,0.8963,0.0
-0.0667,0.7917,0.0394,0.946,0.0023
-0.0667,0.8333,0.0381,0.9399,0.0
-0.0667,0.875,0.0252,1.0,0.0
-0.0667,0.9167,0.009,1.0,0.0013
-0.0667,0.9583,0.0139,0.9711,0.0
-0.0667,1.0,-0.0073,0.957,0.0
-0.05,0.0,0.0218,0.0177,0.0087
-0.05,0.0417,0.0349,0.0057,0.0
-0.05,0.0833,0.0296,0.0374,0.0
-0.05,0.125,0.0744,0.0242,0.0032
-0.05,0.1667,0.1202,0.065,0.0344
-0.05,0.2083,0.1619,0.0282,0.0597
-0.05,0.25,0.2336,0.0757,0.096
-0.05,0.2917,0.3043,0.1055,0.1394
-0.05,0.3333,0.3522,0.185,0.1817
-0.05,0.375,0.3866,0.2336,0.2048
-0.05,0.4167,0.4394,0.262,0.2109
-0.05,0.4583,0.4349,0.3781,0.1776
-0.05,0.5,0.4171,0.4786,0.1226
-0.05,0.5417,0.3642,0.5783,0.1091
-0.05,0.5833,0.3087,0.697,0.0598
-0.05,0.625,0.2754,0.7848,0.0363
-0.05,0.6667,0.203,0.8526,0.0205
-0.05,0.7083,0.1465,0.8471,0.0038
-0.05,0.75,0.0863,0.9452,0.0
-0.05,0.7917,0.0526,0.9603,0.0
-0.05,0.8333,0.0366,0.926,0.0
-0.05,0.875,0.0147,1.0,0.0
-0.05,0.9167,-0.0017,0.9821,0.0144
-0.05,0.9583,-0.0249,1.0,0.0038
-0.05,1.0,0.0011,0.9871,0.0144
-0.0333,0.0,0.0288,0.0,0.0013
-0.0333,0.0417,0.0514,0.0248,0.0057
-0.0333,0.0833,0.0364,0.0674,0.0152
-0.0333,0.125,0.1172,0.0378,0.0179
-0.0333,0.1667,0.1284,0.0669,0.0516
-0.0333,0.2083,0.2144,0.1153,0.0674
-0.0333,0.25,0.2608,0.1079,0.1143
-0.0333,0.2917,0.3425,0.1472,0.1543
-0.0333,0.3333,0.4267,0.2113,0.1961
-0.0333,0.375,0.4885,0.301,0.2154
-0.0333,0.4167,0.4889,0.3568,0.2275
-0.0333,0.4583,0.5145,0.4845,0.2003
-0.0333,0.5,0.5056,0.5924,0.1731
-0.0333,0.5417,0.4571,0.6583,0.1184
-0.0333,0.5833,0.4019,0.7175,0.0662
-0.0333,0.625,0.3162,0.8201,0.043
-0.0333,0.6667,0.2312,0.8995,0.0215
-0.0333,0.7083,0.146,0.9327,0.0174
-0.0333,0.75,0.1168,0.9077,0.0128
-0.0333,0.7917,0.0598,0.9554,0.0
-0.0333,0.8333,0.0238,0.9752,0.0025
-0.0333,0.875,0.0276,0.9792,0.0
-0.0333,0.9167,0.036,0.9927,0.0
-0.0333,0.9583,0.0137,1.0,0.0062
-0.0333,1.0,0.0029,0.9827,0.0
-0.0167,0.0,0.0108,0.0,0.0042
-0.0167,0.0417,0.01,0.0124,0.0106
-0.0167,0.0833,0.0547,0.0281,0.0128
-0.0167,0.125,0.102,0.0646,0.0247
-0.0167,0.1667,0.1493,0.0257,0.0411
-0.0167,0.2083,0.2321,0.1083,0.0795
-0.0167,0.25,0.2715,0.1365,0.1178
-0.0167,0.2917,0.3678,0.211,0.1493
-0.0167,0.3333,0.4253,0.2431,0.2074
-0.0167,0.375,0.4966,0.3543,0.2258
-0.0167,0.4167,0.5258,0.4585,0.2464
-0.0167,0.4583,0.5714,0.5936,0.2073
-0.0167,0.5,0.5083,0.6784,0.1829
-0.0167,0.5417,0.4831,0.7467,0.1154
-0.0167,0.5833,0.4169,0.8291,0.0803
-0.0167,0.625,0.3126,0.8519,0.043
-0.0167,0.6667,0.2664,0.9298,0.0182
-0.0167,0.7083,0.1529,0.9666,0.0224
-0.0167,0.75,0.1242,0.951,0.0009
-0.0167,0.7917,0.0923,0.9837,0.0
-0.0167,0.8333,0.0804,0.9514,0.0
-0.0167,0.875,0.0183,0.9902,0.0115
-0.0167,0.9167,0.027,0.9946,0.0
-0.0167,0.9583,0.0217,0.9721,0.0
-0.0167,1.0,0.0024,0.9804,0.0
0.0,0.0,0.0303,0.0471,0.0005
0.0,0.0417,0.0042,0.0326,0.0
0.0,0.0833,0.0583,0.0463,0.0
0.0,0.125,0.0797,0.0724,0.0192
0.0,0.1667,0.1141,0.1015,0.0241
0.0,0.2083,0.1915,0.1175,0.0778
0.0,0.25,0.2521,0.1921,0.1317
0.0,0.2917,0.3381,0.2664,0.1749
0.0,0.3333,0.3709,0.3409,0.2183
0.0,0.375,0.4614,0.4361,0.252
0.0,0.4167,0.4741,0.5814,0.2533
0.0,0.4583,0.4833,0.6689,0.212
0.0,0.5,0.4775,0.7334,0.175
0.0,0.5417,0.4308,0.8061,0.1173
0.0,0.5833,0.3741,0.8622,0.101
0.0,0.625,0.321,0.89,0.0448
0.0,0.6667,0.2172,0.9299,0.032
0.0,0.7083,0.1621,0.9462,0.0166
0.0,0.75,0.082,0.963,0.0179
0.0,0.7917,0.0924,1.0,0.0
0.0,0.8333,0.0244,0.9772,0.0006
0.0,0.875,0.0135,0.9578,0.0094
0.0,0.9167,0.0246,0.9825,0.0072
0.0,0.9583,0.0209,0.9487,0.0064
0.0,1.0,0.0023,0.9473,0.0102
0.0167,0.0,0.0146,0.0,0.0051
0.0167,0.0417,0.0271,0.0481,0.0
0.0167,0.0833,0.0373,0.0359,0.0068
0.0167,0.125,0.0421,0.0596,0.0345
0.0167,0.1667,0.1205,0.1386,0.0534
0.0167,0.2083,0.1204,0.1692,0.0722
0.0167,0.25,0.196,0.2002,0.121
0.0167,0.2917,0.268,0.3084,0.1691
0.0167,0.3333,0.3151,0.4301,0.1957
0.0167,0.375,0.3614,0.5258,0.2303
0.0167,0.4167,0.3457,0.6259,0.2377
0.0167,0.4583,0.3784,0.7258,0.2145
0.0167,0.5,0.3831,0.7838,0.1531
0.0167,0.5417,0.3163,0.8657,0.1107
0.0167,0.5833,0.2803,0.914,0.0561
0.0167,0.625,0.2118,0.9456,0.0448
0.0167,0.6667,0.1498,0.9438,0.024
0.0167,0.7083,0.1127,0.9393,0.0
0.0167,0.75,0.1004,0.9997,0.0115
0.0167,0.7917,0.0746,1.0,0.0
0.0167,0.8333,0.049,0.9929,0.0194
0.0167,0.875,0.0702,0.9899,0.0
0.0167,0.9167,0.0047,0.9974,0.0024
0.0167,0.9583,0.0449,1.0,0.0
0.0167,1.0,0.0027,0.9817,0.0
0.0333,0.0,0.007,0.0811,0.01
0.0333,0.0417,0.0096,0.0584,0.0283
0.0333,0.0833,0.0317,0.0581,0.0086
0.0333,0.125,0.0561,0.1191,0.0326
0.0333,0.1667,0.0724,0.112,0.0414
0.0333,0.2083,0.1081,0.2295,0.0576
0.0333,0.25,0.1686,0.2812,0.0965
0.0333,0.2917,0.1744,0.4238,0.1659
0.0333,0.3333,0.2249,0.5179,0.181
0.0333,0.375,0.2204,0.5952,0.2292
0.0333,0.4167,0.2788,0.6797,0.2132
0.0333,0.4583,0.2873,0.7811,0.1802
0.0333,0.5,0.2422,0.8508,0.1494
0.0333,0.5417,0.22,0.8703,0.124
0.0333,0.5833,0.2007,0.9577,0.0691
0.0333,0.625,0.159,0.9554,0.0354
0.0333,0.6667,0.0995,0.9585,0.0135
0.0333,0.7083,0.0869,0.9651,0.014
0.0333,0.75,0.055,0.9524,0.0
0.0333,0.7917,0.0206,1.0,0.0018
0.0333,0.8333,0.0333,0.9914,0.0188
0.0333,0.875,-0.0056,0.9797,0.0113
0.0333,0.9167,-0.0006,0.9821,0.0
0.0333,0.9583,0.0326,1.0,0.0041
0.0333,1.0,0.0047,1.0,0.0039
0.05,0.0,0.0082,0.0384,0.0
0.05,0.0417,0.0175,0.073,0.0176
0.05,0.0833,0.0133,0.0843,0.0
0.05,0.125,0.0163,0.1193,0.0286
0.05,0.1667,0.036,0.1933,0.0394
0.05,0.2083,0.0903,0.2771,0.0511
0.05,0.25,0.077,0.3404,0.1055
0.05,0.2917,0.115,0.4704,0.1325
0.05,0.3333,0.1648,0.558,0.1757
0.05,0.375,0.1476,0.6964,0.2066
0.05,0.4167,0.1591,0.7748,0.2426
0.05,0.4583,0.1527,0.8195,0.1886
0.05,0.5,0.1652,0.9313,0.1512
0.05,0.5417,0.1488,0.8749,0.1095
0.05,0.5833,0.1199,0.9648,0.0641
0.05,0.625,0.0786,0.9673,0.0237
0.05,0.6667,0.0618,0.9762,0.0
0.05,0.7083,0.0493,1.0,0.0
0.05,0.75,0.0258,1.0,0.0117
0.05,0.7917,0.024,0.989,0.0178
0.05,0.8333,0.0171,0.974,0.0016
0.05,0.875,0.0059,0.9881,0.0
0.05,0.9167,0.0042,1.0,0.0075
0.05,0.9583,0.0023,0.9993,0.0
0.05,1.0,0.0156,0.9753,0.0
0.0667,0.0,-0.0092,0.0627,0.0141
0.0667,0.0417,-0.0126,0.1009,0.0058
0.0667,0.0833,-0.0055,0.134,0.0
0.0667,0.125,0.016,0.1928,0.0311
0.0667,0.1667,0.0106,0.2655,0.0288
0.0667,0.2083,0.0521,0.3483,0.0499
0.0667,0.25,0.0315,0.4426,0.0887
0.0667,0.2917,0.0425,0.5625,0.1223
0.0667,0.3333,0.0757,0.6616,0.1887
0.0667,0.375,0.0836,0.7544,0.216
0.0667,0.4167,0.0891,0.8133,0.1895
0.0667,0.4583,0.1058,0.8516,0.1672
0.0667,0.5,0.0637,0.8966,0.1437
0.0667,0.5417,0.0692,0.9504,0.0915
0.0667,0.5833,0.0495,0.9626,0.0556
0.0667,0.625,0.0301,0.9424,0.0365
0.0667,0.6667,0.0374,0.9797,0.0309
0.0667,0.7083,0.0322,0.9881,0.0219
0.0667,0.75,0.0334,0.9775,0.0117
0.0667,0.7917,0.0386,1.0,0.011
0.0667,0.8333,0.0131,1.0,0.015
0.0667,0.875,-0.0159,1.0,0.0014
0.0667,0.9167,-0.0116,0.9749,0.0
0.0667,0.9583,0.0096,1.0,0.0
0.0667,1.0,-0.0123,1.0,0.0011
0.0833,0.0,0.0201,0.0689,0.0074
0.0833,0.0417,0.0296,0.1072,0.0
0.0833,0.0833,-0.0014,0.1974,0.0192
0.0833,0.125,-0.0037,0.3028,0.0156
0.0833,0.1667,0.0015,0.3678,0.0319
0.0833,0.2083,0.0088,0.427,0.0761
0.0833,0.25,0.0047,0.5641,0.0805
0.0833,0.2917,0.0158,0.6402,0.1314
0.0833,0.3333,0.0057,0.7202,0.172
0.0833,0.375,0.0501,0.799,0.1719
0.0833,0.4167,0.0406,0.8788,0.1876
0.0833,0.4583,0.0591,0.8993,0.1542
0.0833,0.5,0.0276,0.9351,0.1273
0.0833,0.5417,0.0253,0.9754,0.0879
0.0833,0.5833,0.0083,0.9869,0.0676
0.0833,0.625,0.0073,0.9946,0.0234
0.0833,0.6667,0.0066,0.965,0.0129
0.0833,0.7083,0.021,0.9968,0.0
0.0833,0.75,0.0113,1.0,0.0127
0.0833,0.7917,0.0108,1.0,0.0018
0.0833,0.8333,-0.0089,1.0,0.0125
0.0833,0.875,0.0209,0.9467,0.0064
0.0833,0.9167,-0.0064,1.0,0.0
0.0833,0.9583,-0.0059,0.9672,0.0
0.0833,1.0,0.0094,1.0,0.0215
0.1,0.0,-0.0072,0.1016,0.0147
0.1,0.0417,-0.0248,0.1742,0.0075
0.1,0.0833,-0.0331,0.2157,0.0
0.1,0.125,0.0151,0.308,0.0115
0.1,0.1667,-0.0203,0.4012,0.0206
0.1,0.2083,0.0024,0.5147,0.0661
0.1,0.25,0.0181,0.5869,0.0928
0.1,0.2917,0.0231,0.7157,0.1282
0.1,0.3333,0.03,0.7817,0.1387
0.1,0.375,0.0222,0.8356,0.174
0.1,0.4167,-0.0008,0.9167,0.1658
0.1,0.4583,0.0118,0.9243,0.1421
0.1,0.5,0.0306,0.9783,0.124
0.1,0.5417,0.0017,0.9635,0.0846
0.1,0.5833,0.0108,0.9726,0.048
0.1,0.625,0.026,0.9817,0.0517
0.1,0.6667,0.0084,0.9826,0.0135
0.1,0.7083,-0.0006,0.9917,0.0096
0.1,0.75,-0.0135,0.9755,0.0108
0.1,0.7917,0.0098,0.9658,0.0063
0.1,0.8333,0.0139,1.0,0.0
0.1,0.875,-0.0193,0.9979,0.0189
0.1,0.9167,-0.0077,1.0,0.0
0.1,0.9583,0.0257,1.0,0.0
0.1,1.0,-0.0121,0.9817,0.0012
0.1167,0.0,-0.0103,0.149,0.0202
0.1167,0.0417,-0.0085,0.2262,0.0
0.1167,0.0833,-0.0002,0.3163,0.0
0.1167,0.125,0.0031,0.3898,0.0148
0.1167,0.1667,-0.0017,0.4961,0.0294
0.1167,0.2083,-0.0063,0.642,0.0381
0.1167,0.25,0.0242,0.6722,0.0741
0.1167,0.2917,0.0081,0.7586,0.0999
0.1167,0.3333,-0.0001,0.859,0.1409
0.1167,0.375,0.0331,0.9006,0.1546
0.1167,0.4167,-0.0353,0.8931,0.1583
0.1167,0.4583,-0.0183,0.9448,0.1473
0.1167,0.5,0.0006,0.9601,0.136
0.1167,0.5417,0.0055,0.9743,0.0733
0.1167,0.5833,0.0038,0.9752,0.071
0.1167,0.625,0.0116,1.0,0.0321
0.1167,0.6667,0.021,0.9733,0.0177
0.1167,0.7083,-0.0113,0.9868,0.0072
0.1167,0.75,-0.0132,0.9678,0.0126
0.1167,0.7917,-0.0245,1.0,0.0
0.1167,0.8333,0.0089,1.0,0.0
0.1167,0.875,0.0072,1.0,0.0064
0.1167,0.9167,0.0183,1.0,0.0
0.1167,0.9583,-0.002,0.9832,0.0
0.1167,1.0,0.0074,1.0,0.0058
0.1333,0.0,0.0044,0.2174,0.0
0.1333,0.0417,0.0204,0.299,0.0019
0.1333,0.0833,0.0171,0.3672,0.0065
0.1333,0.125,0.0137,0.4548,0.0343
0.1333,0.1667,-0.0084,0.5735,0.0246
0.1333,0.2083,0.0117,0.6959,0.0591
0.1333,0.25,-0.0002,0.7691,0.0555
0.1333,0.2917,-0.015,0.8278,0.105
0.1333,0.3333,0.0005,0.8913,0.1288
0.1333,0.375,-0.0021,0.9661,0.1443
0.1333,0.4167,0.0167,0.9183,0.1499
0.1333,0.4583,-0.0086,1.0,0.1283
0.1333,0.5,0.001,0.9586,0.0986
0.1333,0.5417,0.0002,0.9907,0.0874
0.1333,0.5833,-0.0075,0.9771,0.0618
0.1333,0.625,0.0248,0.991,0.0324
0.1333,0.6667,0.0257,1.0,0.0182
0.1333,0.7083,0.0118,0.9995,0.0
0.1333,0.75,0.0055,1.0,0.0
0.1333,0.7917,-0.0276,1.0,0.0
0.1333,0.8333,-0.0234,0.9664,0.0
0.1333,0.875,0.0159,1.0,0.0206
0.1333,0.9167,0.0111,1.0,0.0
0.1333,0.9583,0.0055,0.9743,0.0
0.1333,1.0,0.0215,0.999,0.0
0.15,0.0,-0.0003,0.2718,0.0021
0.15,0.0417,0.02,0.3437,0.0
0.15,0.0833,0.0015,0.4404,0.0004
0.15,0.125,0.0116,0.5457,0.0388
0.15,0.1667,0.0247,0.6643,0.0282
0.15,0.2083,0.0117,0.7583,0.0414
0.15,0.25,0.0415,0.8032,0.0611
0.15,0.2917,0.0014,0.8847,0.1131
0.15,0.3333,0.0003,0.9232,0.1224
0.15,0.375,-0.0009,0.9647,0.1389
0.15,0.4167,0.0152,0.9537,0.1308
0.15,0.4583,-0.0047,0.9789,0.1339
0.15,0.5,0.0318,0.9855,0.1172
0.15,0.5417,0.0097,0.9747,0.0716
0.15,0.5833,0.0118,1.0,0.0401
0.15,0.625,-0.0051,0.9881,0.0235
0.15,0.6667,0.0048,1.0,0.0086
0.15,0.7083,-0.0245,0.9636,0.0139
0.15,0.75,-0.0081,1.0,0.0
0.15,0.7917,-0.0022,0.9925,0.0
0.15,0.8333,0.0186,1.0,0.0067
0.15,0.875,0.0307,0.9733,0.0
0.15,0.9167,-0.0052,1.0,0.0
0.15,0.9583,0.01,0.971,0.0075
0.15,1.0,0.0173,0.9772,0.0
0.1667,0.0,0.0179,0.3671,0.0
0.1667,0.0417,0.0057,0.4509,0.0016
0.1667,0.0833,0.0216,0.5306,0.0003
0.1667,0.125,-0.0099,0.6467,0.0074
0.1667,0.1667,0.0131,0.7241,0.0187
0.1667,0.2083,0.0038,0.7893,0.0474
0.1667,0.25,0.0111,0.8763,0.0494
0.1667,0.2917,0.024,0.8687,0.0925
0.1667,0.3333,0.003,0.9495,0.1062
0.1667,0.375,0.0022,0.9713,0.123
0.1667,0.4167,0.0042,0.9768,0.1463
0.1667,0.4583,-0.023,1.0,0.1167
0.1667,0.5,0.0059,0.9627,0.1017
0.1667,0.5417,-0.0161,1.0,0.0592
0.1667,0.5833,0.023,0.9813,0.032
0.1667,0.625,-0.0006,0.9825,0.0213
0.1667,0.6667,0.0261,0.9875,0.014
0.1667,0.7083,0.0247,1.0,0.017
0.1667,0.75,0.0092,1.0,0.002
0.1667,0.7917,0.0095,1.0,0.0
0.1667,0.8333,0.0071,0.987,0.0111
0.1667,0.875,-0.0243,0.9948,0.0107
0.1667,0.9167,-0.0015,0.965,0.0
0.1667,0.9583,-0.0095,1.0,0.0084
0.1667,1.0,0.0142,0.9763,0.0005
0.1833,0.0,0.0241,0.4363,0.0
0.1833,0.0417,0.0125,0.4961,0.0
0.1833,0.0833,-0.0275,0.6212,0.0108
0.1833,0.125,-0.0137,0.7135,0.0011
0.1833,0.1667,-0.0081,0.7714,0.0312
0.1833,0.2083,-0.0096,0.8479,0.0283
0.1833,0.25,0.0055,0.948,0.0815
0.1833,0.2917,-0.0025,0.9391,0.0862
0.1833,0.3333,0.0196,0.9663,0.1086
0.1833,0.375,0.007,0.9567,0.1217
0.1833,0.4167,0.0029,0.9865,0.0984
0.1833,0.4583,-0.0107,0.9793,0.1062
0.1833,0.5,0.0277,1.0,0.0793
0.1833,0.5417,-0.014,1.0,0.0613
0.1833,0.5833,-0.0472,1.0,0.041
0.1833,0.625,-0.0315,1.0,0.0222
0.1833,0.6667,-0.019,1.0,0.0154
0.1833,0.7083,-0.0065,0.9842,0.0033
0.1833,0.75,-0.0016,1.0,0.0
0.1833,0.7917,-0.0055,1.0,0.0
0.1833,0.8333,-0.001,1.0,0.0
0.1833,0.875,-0.0019,0.9845,0.0111
0.1833,0.9167,-0.0253,0.9832,0.0072
0.1833,0.9583,-0.0023,1.0,0.0
0.1833,1.0,-0.0101,0.9975,0.0
0.2,0.0,-0.0124,0.5183,0.0
0.2,0.0417,-0.0005,0.6052,0.0
0.2,0.0833,-0.0234,0.7047,0.0
0.2,0.125,-0.0033,0.7896,0.0
0.2,0.1667,-0.0085,0.8341,0.0197
0.2,0.2083,-0.0054,0.8766,0.0463
0.2,0.25,0.0006,0.9372,0.0291
0.2,0.2917,-0.0193,0.9604,0.0652
0.2,0.3333,-0.0058,0.9465,0.096
0.2,0.375,0.0098,0.9757,0.1004
0.2,0.4167,-0.0046,0.9711,0.0939
0.2,0.4583,0.0115,0.982,0.0899
0.2,0.5,-0.0064,1.0,0.0652
0.2,0.5417,0.0229,0.9841,0.0455
0.2,0.5833,0.0301,0.9757,0.0322
0.2,0.625,0.0152,0.9672,0.0211
0.2,0.6667,-0.0231,0.9995,0.0297
0.2,0.7083,-0.0353,0.9977,0.0
0.2,0.75,-0.0151,0.9688,0.0127
0.2,0.7917,0.003,0.9625,0.0
0.2,0.8333,-0.0082,0.9683,0.0011
0.2,0.875,0.0038,1.0,0.0203
0.2,0.9167,-0.0141,0.9904,0.0
0.2,0.9583,0.0128,1.0,0.0
0.2,1.0,0.0217,0.9818,0.0085
