g,tau,noise,sc_density,fc_edge_r,max_eigenvalue,fc_mean
0.5733,1.907,0.0904,0.2,0.3737,-0.0827,0.3598
0.1041,0.695,0.2369,0.1,0.0453,-0.8646,0.0445
0.5087,4.545,0.1112,0.2,0.0736,-0.1861,0.3186
0.1695,2.743,0.1433,0.2,-0.0071,-0.7288,0.0935
0.5571,3.725,0.2018,0.3,-0.0721,0.0585,0.3936
0.6684,1.718,0.1925,0.3,0.0206,0.2699,0.4243
0.6972,1.924,0.2763,0.3,-0.006,0.3246,0.4492
0.7935,1.01,0.0387,0.1,-0.0318,0.0315,0.4371
0.5448,4.292,0.0937,0.3,0.019,0.0351,0.3096
0.5141,4.029,0.2565,0.1,0.092,-0.3317,0.3309
0.5368,4.42,0.1746,0.2,0.0975,-0.1411,0.2955
0.629,3.056,0.1652,0.3,-0.0408,0.195,0.3688
0.3582,2.74,0.1702,0.2,0.0369,-0.4269,0.238
0.698,4.385,0.2661,0.2,0.0563,0.1167,0.413
0.4461,3.358,0.0818,0.1,0.0851,-0.4201,0.3168
0.5725,3.576,0.2088,0.3,-0.0181,0.0877,0.3098
0.9278,3.912,0.0655,0.1,-0.039,0.2062,0.5213
0.9066,0.847,0.0869,0.2,-0.0203,0.4505,0.5105
0.4543,3.202,0.2455,0.3,0.1159,-0.1369,0.3156
0.4636,1.887,0.0616,0.1,0.1333,-0.3974,0.2539
0.6661,4.625,0.0726,0.3,0.0251,0.2655,0.3972
0.343,1.58,0.2383,0.3,-0.0204,-0.3484,0.1736
0.8066,4.416,0.2469,0.1,0.0192,0.0486,0.42
0.3122,1.351,0.1234,0.3,0.022,-0.4069,0.1376
0.8072,2.492,0.2445,0.2,0.0563,0.2915,0.4644
0.7746,4.098,0.1682,0.2,0.0239,0.2394,0.4515
0.6629,4.596,0.2196,0.1,0.0785,-0.1382,0.3707
0.7222,4.419,0.1585,0.3,-0.0026,0.3722,0.4248
0.1375,2.884,0.149,0.2,0.0305,-0.78,0.0784
0.4248,2.068,0.2652,0.3,0.1407,-0.1929,0.2655
0.7782,2.375,0.0279,0.1,0.0206,0.0116,0.4249
0.1887,0.603,0.1372,0.1,-0.0055,-0.7546,0.1231
0.4826,1.238,0.029,0.3,0.1663,-0.083,0.2418
0.4663,1.797,0.144,0.3,0.1952,-0.114,0.2468
0.4652,1.882,0.2617,0.3,0.1579,-0.116,0.2789
0.1817,0.884,0.117,0.2,-0.0096,-0.7092,0.1385
0.6422,4.528,0.1749,0.3,0.0229,0.2202,0.4197
0.1174,2.389,0.0344,0.1,0.0064,-0.8474,0.1
0.6959,2.099,0.0455,0.3,-0.0007,0.3222,0.4637
0.7092,3.239,0.1639,0.2,0.0134,0.1347,0.4443
0.8244,4.293,0.0289,0.3,-0.0215,0.5663,0.4852
0.3525,3.693,0.2813,0.1,-0.0191,-0.5417,0.2229
0.0861,1.542,0.0126,0.1,0.0163,-0.888,0.0625
0.0911,4.601,0.1617,0.1,-0.0365,-0.8816,0.0463
0.4643,2.595,0.219,0.3,0.1429,-0.1177,0.3282
0.7564,1.977,0.0618,0.1,0.4909,-0.0167,0.4006
0.9068,3.603,0.2247,0.2,0.0266,0.4509,0.5359
0.3445,3.758,0.0725,0.1,0.044,-0.5522,0.1796
0.8695,2.736,0.0973,0.2,-0.0362,0.3912,0.552
0.4241,2.493,0.0745,0.3,0.1138,-0.1943,0.2911
0.4506,0.576,0.0398,0.3,0.089,-0.1439,0.2415
0.5275,3.483,0.0643,0.2,0.1752,-0.156,0.362
0.5583,3.515,0.0947,0.1,0.2021,-0.2742,0.3365
0.3576,4.7,0.1504,0.3,0.0154,-0.3206,0.2029
0.2685,1.186,0.1399,0.1,-0.0296,-0.6509,0.1767
0.1107,3.692,0.0772,0.3,-0.0236,-0.7897,0.0
0.2309,4.026,0.2786,0.1,0.0084,-0.6998,0.1071
0.5316,4.594,0.0297,0.1,0.012,-0.309,0.3388
0.242,3.348,0.2027,0.3,0.0647,-0.5401,0.1305
0.2434,3.182,0.2346,0.1,0.008,-0.6836,0.2111
0.4936,2.811,0.1348,0.1,0.1409,-0.3583,0.2969
0.3946,3.924,0.1876,0.1,0.0515,-0.487,0.228
0.1607,2.729,0.069,0.2,-0.029,-0.7429,0.1315
0.3494,1.334,0.1367,0.1,0.044,-0.5457,0.2154
0.8307,3.059,0.2509,0.1,0.012,0.0798,0.4919
0.1763,0.828,0.0185,0.3,-0.0351,-0.6651,0.0956
0.7455,3.373,0.0502,0.2,0.0374,0.1927,0.4112
0.3563,0.949,0.2146,0.2,0.0812,-0.4299,0.2005
0.8667,2.135,0.172,0.1,0.0041,0.1268,0.5009
0.5652,3.305,0.0849,0.2,0.2471,-0.0957,0.3359
0.1125,1.943,0.1417,0.2,0.0463,-0.82,0.0815
0.0526,1.453,0.1953,0.2,-0.0236,-0.9158,0.0318
0.9139,0.706,0.1956,0.2,-0.0089,0.4622,0.5436
0.5037,2.616,0.0523,0.2,0.2302,-0.1941,0.3445
0.3848,1.085,0.0791,0.1,0.0382,-0.4997,0.2314
0.5356,0.748,0.077,0.2,0.1738,-0.143,0.3444
0.6532,3.414,0.1596,0.1,0.3144,-0.1509,0.43
0.2725,1.774,0.0455,0.1,0.0258,-0.6457,0.196
0.4838,2.128,0.1598,0.2,0.1718,-0.226,0.3513
0.8915,3.315,0.0157,0.2,-0.0277,0.4264,0.5615
0.5749,2.298,0.1308,0.3,-0.0069,0.0924,0.3594
0.6111,4.397,0.2884,0.3,0.0817,0.161,0.4183
0.6621,2.711,0.0938,0.3,-0.0037,0.258,0.3832
0.1105,4.028,0.1801,0.3,0.0129,-0.7901,0.0655
0.7674,3.058,0.2918,0.2,-0.0317,0.2279,0.4296
0.5979,2.45,0.178,0.3,0.0255,0.136,0.3206
0.7746,3.897,0.2362,0.3,-0.0034,0.4718,0.4601
0.6109,2.829,0.113,0.1,0.3466,-0.2059,0.3863
0.0754,2.462,0.169,0.2,-0.0121,-0.8794,0.0646
0.1651,2.635,0.2834,0.1,0.0216,-0.7854,0.0762
0.7434,1.365,0.2434,0.2,-0.0326,0.1895,0.4947
0.156,2.513,0.1047,0.3,0.0645,-0.7036,0.1008
0.8267,4.472,0.137,0.2,0.0193,0.3227,0.521
0.6804,4.225,0.0574,0.3,-0.0131,0.2928,0.4303
0.669,4.819,0.1796,0.1,0.1127,-0.1304,0.3808
0.1172,0.609,0.2729,0.3,0.0212,-0.7772,0.0841
0.0525,1.059,0.21,0.3,-0.0375,-0.9003,0.0104
0.3421,2.829,0.0305,0.1,0.0026,-0.5553,0.1723
0.2561,3.109,0.1805,0.1,0.0375,-0.6671,0.1608
0.4732,0.647,0.0324,0.3,0.0991,-0.1008,0.2675
0.7644,4.939,0.2526,0.1,0.0437,-0.0063,0.5023
0.4913,2.637,0.1895,0.2,0.2056,-0.2139,0.2814
0.3482,3.843,0.2686,0.3,0.0308,-0.3384,0.1866
0.9249,4.711,0.2,0.3,-0.0541,0.7574,0.5746
0.8588,3.647,0.2699,0.3,0.0107,0.6316,0.5569
0.7797,3.932,0.1369,0.1,0.0042,0.0136,0.4984
0.3957,1.615,0.2577,0.2,0.0597,-0.3668,0.2576
0.4627,4.483,0.2989,0.1,0.0361,-0.3985,0.2499
0.4713,2.488,0.2486,0.2,0.1556,-0.2459,0.2444
0.1243,0.791,0.1594,0.1,0.0103,-0.8384,0.0522
0.2236,1.148,0.1875,0.2,0.0004,-0.6423,0.0899
0.8589,1.341,0.0303,0.1,-0.0418,0.1165,0.5116
0.1309,1.974,0.0985,0.1,0.0402,-0.8298,0.0
0.5835,4.479,0.0928,0.1,0.0438,-0.2414,0.3267
0.2599,3.534,0.1583,0.1,0.0084,-0.6621,0.1796
0.7956,2.402,0.2349,0.2,0.0375,0.273,0.4771
0.1063,1.384,0.1137,0.3,-0.0044,-0.7981,0.064
0.0539,0.949,0.2826,0.1,-0.0007,-0.93,0.0038
0.5655,2.995,0.0202,0.1,0.2548,-0.2648,0.3047
0.8649,2.817,0.2531,0.2,-0.0169,0.3838,0.5401
0.8014,4.383,0.2889,0.2,0.0273,0.2822,0.4642
0.6803,4.671,0.0213,0.1,0.0825,-0.1156,0.4083
0.593,1.561,0.0944,0.2,0.3067,-0.0512,0.3187
0.0823,1.188,0.1865,0.2,-0.0057,-0.8684,0.0621
0.3656,2.144,0.0766,0.2,0.052,-0.4151,0.2215
0.7409,1.545,0.1043,0.1,0.4701,-0.0368,0.4707
0.56,2.297,0.2961,0.2,0.3544,-0.104,0.3447
0.272,4.654,0.1625,0.1,0.008,-0.6464,0.1483
0.1989,4.622,0.1487,0.2,0.0164,-0.6818,0.0798
0.6202,1.685,0.2758,0.3,0.0271,0.1784,0.3673
0.7285,2.198,0.0515,0.3,0.0113,0.3842,0.4751
0.6767,4.766,0.0496,0.1,0.0885,-0.1202,0.3488
0.5783,3.415,0.2896,0.2,0.1548,-0.0748,0.3926
0.2745,3.247,0.0878,0.3,0.0247,-0.4785,0.1809
0.0599,4.04,0.1325,0.2,0.0008,-0.9042,0.078
0.1595,2.846,0.188,0.3,-0.0528,-0.6969,0.1308
0.8925,3.693,0.1491,0.1,0.0462,0.1602,0.5126
0.1766,1.653,0.211,0.2,0.0282,-0.7174,0.1014
0.2087,3.599,0.1071,0.2,-0.0283,-0.6662,0.1034
0.3187,3.186,0.2927,0.2,0.042,-0.4901,0.1737
0.7432,3.288,0.2905,0.2,0.0452,0.1891,0.4037
0.6024,3.924,0.0538,0.1,0.1655,-0.2168,0.3847
0.4931,2.808,0.2717,0.3,0.2078,-0.063,0.2835
0.7681,1.024,0.0401,0.2,0.0067,0.2289,0.4187
0.5306,3.432,0.0385,0.2,0.182,-0.151,0.2969
0.1015,4.326,0.0409,0.2,-0.0541,-0.8376,0.0563
0.8351,4.88,0.0851,0.2,-0.0081,0.3361,0.5032
0.7487,3.656,0.0303,0.3,-0.0215,0.4225,0.4323
0.2378,2.57,0.0856,0.3,0.0188,-0.5481,0.141
0.1681,3.141,0.294,0.2,0.0355,-0.7311,0.1369
0.9428,3.58,0.181,0.3,0.0273,0.7914,0.5477
0.3186,1.988,0.0905,0.2,0.0348,-0.4902,0.1918
0.3856,3.118,0.1254,0.3,0.0554,-0.2673,0.2575
0.2585,4.925,0.1843,0.2,0.0162,-0.5865,0.1994
0.8243,2.152,0.2518,0.2,0.0312,0.3189,0.4543
0.2326,0.65,0.2489,0.1,0.0567,-0.6976,0.0827
0.532,4.928,0.2831,0.3,-0.0243,0.0107,0.3143
0.3079,1.144,0.0468,0.1,0.0235,-0.5998,0.1781
0.2938,3.134,0.2293,0.2,-0.0121,-0.5299,0.1886
0.6023,1.145,0.1754,0.1,0.3762,-0.217,0.3641
0.141,4.907,0.1366,0.1,0.0413,-0.8167,0.1073
0.6658,3.5,0.2115,0.2,0.0138,0.0653,0.4091
0.5137,2.643,0.2312,0.2,0.217,-0.1781,0.3463
0.623,3.042,0.1891,0.2,0.3412,-0.0032,0.3967
0.6987,0.669,0.0839,0.3,0.0424,0.3275,0.3812
0.1623,1.628,0.1085,0.3,-0.0092,-0.6917,0.1384
0.0945,4.69,0.2446,0.1,-0.0326,-0.8772,0.0783
0.6714,3.206,0.2322,0.1,0.3403,-0.1272,0.388
0.2683,3.487,0.1184,0.3,0.0281,-0.4902,0.1784
0.598,1.496,0.1309,0.2,0.401,-0.0431,0.3317
0.4552,3.447,0.1904,0.3,0.0396,-0.1351,0.2491
0.7691,4.222,0.0252,0.1,0.12,-0.0002,0.4775
0.6469,2.237,0.0858,0.2,0.0511,0.0351,0.4081
0.9365,2.169,0.2625,0.1,0.0044,0.2174,0.5117
0.9418,3.872,0.1099,0.3,0.0041,0.7894,0.5489
0.3243,2.039,0.1599,0.2,0.0317,-0.481,0.215
0.0603,3.712,0.1369,0.2,0.0062,-0.9036,0.0436
0.3945,2.092,0.0666,0.3,0.0991,-0.2504,0.2487
0.1363,3.699,0.043,0.1,0.0186,-0.8228,0.0803
0.3682,1.602,0.1312,0.1,0.1353,-0.5213,0.2094
0.3089,2.594,0.2035,0.1,-0.0362,-0.5984,0.1887
0.4515,4.372,0.2387,0.3,0.0692,-0.1422,0.2391
0.1952,1.407,0.1102,0.1,-0.0058,-0.7462,0.0352
0.2266,1.561,0.2828,0.1,0.0238,-0.7054,0.1482
0.7542,4.641,0.2331,0.1,0.1082,-0.0196,0.4306
0.0999,1.794,0.0325,0.2,-0.0274,-0.8402,0.0824
0.3779,1.141,0.1879,0.2,0.123,-0.3954,0.2693
0.2125,3.393,0.0576,0.3,0.0035,-0.5962,0.1351
0.246,3.447,0.2055,0.3,0.0223,-0.5327,0.1002
0.9424,3.378,0.0617,0.2,-0.0043,0.5079,0.5824
0.5897,1.297,0.0961,0.2,0.2987,-0.0565,0.3703
0.6333,1.241,0.2479,0.2,0.0469,0.0132,0.395
0.7022,3.965,0.1052,0.1,0.1787,-0.0872,0.3515
0.5769,2.231,0.1722,0.1,0.3377,-0.25,0.3333
0.4556,4.073,0.1963,0.1,0.0433,-0.4077,0.2501
0.7421,3.222,0.2024,0.3,0.0519,0.41,0.4296
0.3655,3.926,0.1305,0.1,0.0337,-0.5248,0.2067
0.7986,1.1,0.0276,0.2,-0.0249,0.2777,0.4899
0.7069,2.214,0.2741,0.2,-0.021,0.1311,0.3857
0.7985,2.704,0.0346,0.2,-0.0131,0.2776,0.4467
0.5783,1.315,0.099,0.3,-0.0038,0.0987,0.3878
0.7967,1.626,0.2549,0.2,-0.0799,0.2747,0.5098
0.7608,0.933,0.1329,0.1,0.3549,-0.011,0.4403
0.593,4.289,0.261,0.3,-0.0011,0.1267,0.3893
0.2202,0.557,0.2692,0.2,0.0159,-0.6477,0.1651
0.117,2.201,0.2212,0.1,-0.0031,-0.8479,0.0476
0.2092,4.544,0.0142,0.1,-0.0114,-0.7281,0.1372
0.6413,1.379,0.0243,0.3,0.0089,0.2185,0.3668
0.8149,1.563,0.0974,0.2,0.03,0.3038,0.4894
0.5196,3.157,0.1613,0.2,0.1739,-0.1687,0.2882
0.9375,2.528,0.2527,0.2,0.0364,0.5,0.5402
0.9335,1.136,0.1786,0.2,0.0173,0.4937,0.5791
0.8585,4.971,0.2102,0.1,-0.0029,0.116,0.5931
0.873,4.382,0.1591,0.2,-0.0103,0.3969,0.5226
0.1142,2.035,0.0216,0.3,-0.0122,-0.783,0.0566
0.1264,1.4,0.2908,0.3,0.0514,-0.7598,0.1194
0.881,1.154,0.239,0.3,0.0028,0.6738,0.4849
0.7727,2.494,0.0753,0.1,0.0122,0.0045,0.4512
0.7457,3.943,0.0363,0.1,0.1847,-0.0306,0.4769
0.7182,1.857,0.2077,0.2,0.0074,0.1491,0.4063
0.667,4.276,0.153,0.3,-0.0094,0.2672,0.4269
0.1286,2.671,0.1179,0.3,-0.0202,-0.7557,0.0832
0.9453,1.447,0.1837,0.1,-0.0152,0.2288,0.6298
0.287,1.261,0.2267,0.1,0.0003,-0.6269,0.1752
0.5169,4.643,0.1584,0.2,0.0754,-0.173,0.3016
0.7829,3.644,0.0457,0.1,0.02,0.0178,0.4813
0.8783,0.965,0.2744,0.3,0.0548,0.6688,0.4652
0.8004,3.71,0.1562,0.2,0.0051,0.2807,0.4596
0.6627,2.299,0.2196,0.3,0.0002,0.2591,0.3895
0.4998,1.959,0.0399,0.3,0.2344,-0.0503,0.2968
0.2529,1.977,0.0232,0.1,-0.0087,-0.6713,0.1593
0.5587,3.46,0.1638,0.3,-0.008,0.0616,0.3919
0.8515,0.624,0.1594,0.3,0.0109,0.6179,0.5164
0.9426,3.694,0.0891,0.2,-0.0109,0.5082,0.5754
0.5955,1.79,0.2255,0.1,0.3371,-0.2259,0.3951
0.4998,2.378,0.0672,0.3,0.2371,-0.0504,0.3503
0.6544,3.95,0.0728,0.2,0.001,0.047,0.3857
0.2057,3.492,0.2738,0.3,0.0264,-0.6092,0.168
0.1859,3.416,0.1133,0.1,-0.0333,-0.7583,0.126
0.7559,2.985,0.2129,0.2,0.0176,0.2094,0.5024
0.195,0.739,0.1419,0.1,-0.0099,-0.7465,0.1098
0.378,3.874,0.2816,0.3,0.0576,-0.2817,0.2612
0.3849,4.292,0.1776,0.3,0.0056,-0.2688,0.2535
0.5479,1.488,0.2908,0.3,-0.0219,0.041,0.4065
0.173,4.06,0.2915,0.1,0.0429,-0.7752,0.0769
0.5295,0.667,0.2627,0.3,-0.0429,0.0061,0.3486
0.8739,3.865,0.1696,0.2,0.0165,0.3983,0.4977
0.5414,1.354,0.1374,0.1,0.3059,-0.2961,0.3393
0.4762,4.284,0.1017,0.2,0.0476,-0.2381,0.2804
0.5589,3.56,0.0346,0.1,0.2253,-0.2734,0.3329
0.4758,4.288,0.1751,0.3,0.0402,-0.0961,0.2856
0.9176,4.806,0.0221,0.1,0.0241,0.1929,0.5231
0.5477,4.064,0.0692,0.3,-0.0203,0.0407,0.3043
0.8869,4.011,0.1287,0.1,-0.0557,0.153,0.5763
0.5157,2.556,0.0928,0.3,0.2474,-0.0202,0.3117
0.7272,3.538,0.0486,0.3,-0.0305,0.3817,0.4309
0.2603,1.401,0.1576,0.1,0.0686,-0.6617,0.1485
0.9097,3.158,0.2481,0.2,0.0096,0.4556,0.564
0.207,1.758,0.2085,0.2,0.0052,-0.6688,0.1293
0.3509,1.151,0.2762,0.1,0.0391,-0.5439,0.2531
0.886,4.13,0.2782,0.2,-0.0295,0.4176,0.54
0.7986,2.183,0.0434,0.3,-0.0039,0.5173,0.489
0.246,3.453,0.0796,0.2,0.0006,-0.6065,0.1741
0.8753,0.785,0.1113,0.1,0.0126,0.1379,0.5367
0.8385,4.265,0.0483,0.2,0.0572,0.3417,0.5159
0.9374,2.062,0.2886,0.2,-0.012,0.4998,0.5244
0.2671,0.595,0.1117,0.1,-0.0259,-0.6527,0.1658
0.8875,4.164,0.1297,0.2,-0.0174,0.4201,0.4716
0.5636,2.381,0.0902,0.1,0.3106,-0.2674,0.2926
0.8593,3.56,0.2666,0.3,-0.0288,0.6327,0.4748
0.8348,3.363,0.2928,0.3,0.0009,0.5862,0.5436
0.7527,3.658,0.2761,0.2,-0.0245,0.2043,0.4759
0.4238,4.052,0.2183,0.3,0.0589,-0.1948,0.2422
0.0845,3.139,0.1981,0.3,-0.0216,-0.8395,0.042
0.8306,2.443,0.2778,0.2,0.0162,0.329,0.5291
0.724,3.198,0.1677,0.1,0.3005,-0.0588,0.4383
0.9051,4.525,0.2801,0.2,0.0131,0.4481,0.5366
0.7384,0.908,0.177,0.3,-0.026,0.4029,0.4529
0.6606,4.649,0.0142,0.1,0.0949,-0.1413,0.3856
0.6202,3.144,0.1336,0.3,-0.0535,0.1784,0.373
0.6553,2.205,0.1515,0.2,-0.0004,0.0485,0.3633
0.2159,4.43,0.2709,0.2,-0.0165,-0.6545,0.1409
0.4249,2.967,0.129,0.3,0.1071,-0.1927,0.2634
0.069,2.762,0.0384,0.2,-0.0221,-0.8896,0.0934
0.0688,2.662,0.1033,0.1,0.0147,-0.9105,0.0855
0.4027,4.361,0.0237,0.3,0.0545,-0.2349,0.2591
0.4264,4.92,0.2163,0.2,0.0439,-0.3177,0.2923
0.8143,1.378,0.2466,0.2,-0.0269,0.3029,0.4471
0.413,3.165,0.1006,0.2,0.0869,-0.3391,0.2115
0.4988,3.351,0.09,0.3,0.1322,-0.0522,0.2868
0.5864,4.289,0.2451,0.1,0.0845,-0.2377,0.3065
0.4836,4.753,0.0327,0.2,0.0601,-0.2262,0.3199
0.9085,1.181,0.0404,0.1,0.0071,0.181,0.6084
0.8785,1.941,0.2488,0.2,0.0369,0.4056,0.5538
0.462,4.468,0.2643,0.2,0.0556,-0.2608,0.3287
0.7941,0.863,0.263,0.3,0.0749,0.5088,0.5058
0.6677,0.625,0.1233,0.1,0.2691,-0.132,0.3883
0.1936,3.881,0.1273,0.1,-0.0212,-0.7483,0.0682
0.701,1.504,0.137,0.2,0.0238,0.1216,0.3939
0.2495,1.5,0.2662,0.2,0.0212,-0.6009,0.1493
0.4633,2.628,0.2924,0.1,0.1613,-0.3977,0.3012
0.2845,0.999,0.0959,0.1,0.0576,-0.6302,0.1018
0.6108,4.953,0.0616,0.3,0.0207,0.1605,0.3639
0.6043,2.914,0.2293,0.2,0.3139,-0.0331,0.3487
0.149,4.66,0.2248,0.2,-0.0134,-0.7616,0.0814
0.1964,0.506,0.1685,0.2,0.0441,-0.6858,0.1119
0.2334,3.813,0.2162,0.1,0.0144,-0.6966,0.1122
0.5369,1.069,0.2826,0.1,0.2421,-0.3021,0.2884
0.1517,0.804,0.2477,0.3,0.0135,-0.7117,0.1056
0.43,4.093,0.2634,0.3,0.063,-0.183,0.2804
0.2675,1.492,0.2569,0.2,-0.0138,-0.5719,0.13
0.3093,1.303,0.2989,0.2,-0.0265,-0.5051,0.1673
0.7762,1.823,0.0184,0.3,0.0304,0.4748,0.4597
0.6174,2.24,0.0965,0.2,0.444,-0.0121,0.312
0.9416,4.483,0.0145,0.3,-0.0091,0.7891,0.6031
0.8356,4.166,0.1634,0.1,-0.0388,0.0863,0.4844
0.6369,3.632,0.1575,0.1,0.2278,-0.1721,0.3621
0.3991,3.52,0.0999,0.1,0.0184,-0.4811,0.1843
0.4586,1.946,0.0429,0.2,0.1568,-0.2662,0.2364
0.7182,1.109,0.1713,0.2,0.017,0.1491,0.4147
0.2994,3.345,0.2159,0.3,0.0177,-0.4311,0.195
0.341,2.868,0.2774,0.3,0.022,-0.352,0.1979
0.4415,3.925,0.2924,0.1,0.0176,-0.4261,0.2586
0.3773,1.841,0.2067,0.2,0.0879,-0.3963,0.2047
0.584,2.907,0.2566,0.2,0.2947,-0.0656,0.3419
0.7673,2.692,0.1331,0.3,0.0368,0.4578,0.4679
0.5679,1.027,0.1593,0.2,0.2726,-0.0914,0.3512
0.8864,4.899,0.1115,0.2,-0.0119,0.4182,0.5148
0.4501,1.699,0.1795,0.1,0.1349,-0.4149,0.2895
0.0706,4.543,0.0744,0.1,0.0006,-0.9082,0.0208
0.3935,0.698,0.2994,0.1,0.1616,-0.4885,0.2041
0.5619,4.406,0.1199,0.3,-0.0102,0.0675,0.3592
0.8528,1.0,0.0354,0.1,0.0051,0.1086,0.5318
0.68,0.627,0.2011,0.2,0.0104,0.088,0.4284
0.6272,3.545,0.0967,0.3,0.0457,0.1916,0.3475
0.5016,1.603,0.2387,0.3,0.1924,-0.047,0.311
0.8904,2.982,0.0211,0.1,-0.0245,0.1575,0.5109
0.4972,2.161,0.1317,0.3,0.2555,-0.0552,0.3179
0.2667,3.472,0.2185,0.1,0.0359,-0.6534,0.1867
0.8914,4.78,0.2357,0.3,-0.0048,0.6937,0.5167
0.5751,1.483,0.2494,0.3,0.0338,0.0927,0.3595
0.7849,4.351,0.0572,0.2,0.0294,0.2558,0.4768
0.7355,4.486,0.1689,0.1,0.0901,-0.0439,0.4607
0.6281,2.726,0.1745,0.1,0.373,-0.1834,0.2768
0.8552,0.711,0.081,0.1,-0.0032,0.1117,0.4822
0.7942,2.72,0.1266,0.1,0.0086,0.0325,0.4142
0.2792,0.504,0.2551,0.2,-0.0084,-0.5533,0.1105
0.4971,3.024,0.2659,0.3,0.1207,-0.0556,0.2586
0.6477,2.792,0.1819,0.3,0.0112,0.2307,0.3874
0.6697,2.715,0.1712,0.3,0.0563,0.2724,0.418
0.1324,3.57,0.0985,0.2,0.0005,-0.7882,0.0551
0.8008,3.789,0.1676,0.1,-0.0062,0.041,0.5187
0.2265,3.718,0.1686,0.1,0.008,-0.7055,0.1096
0.6819,3.853,0.0201,0.1,0.1691,-0.1136,0.3929
0.7542,2.062,0.2113,0.1,0.4782,-0.0195,0.4708
0.5745,3.965,0.11,0.2,0.0951,-0.0807,0.3067
0.7359,1.076,0.1588,0.2,0.003,0.1774,0.4207
0.5166,1.699,0.2247,0.3,0.2282,-0.0185,0.3263
0.7685,3.719,0.2046,0.3,0.0354,0.4602,0.4752
0.1175,4.586,0.1442,0.1,0.006,-0.8473,0.0472
0.7695,0.601,0.1965,0.2,-0.0001,0.2312,0.4641
0.5642,3.748,0.0807,0.1,0.1688,-0.2666,0.3852
0.2679,1.978,0.2656,0.2,-0.0096,-0.5713,0.1879
0.7594,3.812,0.0891,0.2,0.0336,0.215,0.4766
0.259,4.149,0.2848,0.2,-0.0224,-0.5857,0.1675
0.1161,2.999,0.2054,0.3,0.0039,-0.7794,0.0943
0.3465,3.11,0.2442,0.3,0.0116,-0.3417,0.2225
0.5425,3.688,0.1127,0.2,0.1482,-0.132,0.2649
0.2368,3.297,0.1074,0.1,-0.0125,-0.6921,0.1397
0.6079,3.483,0.1296,0.1,0.2399,-0.2097,0.3538
0.9157,1.737,0.2597,0.1,-0.0521,0.1904,0.5764
0.1222,2.498,0.0989,0.3,-0.0179,-0.7678,0.0657
0.1658,2.089,0.2603,0.3,0.0148,-0.6851,0.0383
0.5558,1.819,0.1413,0.3,-0.0262,0.0561,0.3354
0.5263,3.147,0.0473,0.2,0.216,-0.158,0.3124
0.9374,1.158,0.1123,0.1,-0.0218,0.2186,0.5219
0.3271,4.802,0.0631,0.3,-0.0423,-0.3785,0.1858
0.2307,0.896,0.2714,0.2,0.0433,-0.6308,0.1293
0.4138,1.209,0.2911,0.2,-0.0224,-0.3379,0.2561
0.554,2.346,0.0844,0.2,0.304,-0.1136,0.3202
0.6534,4.64,0.2299,0.2,0.0513,0.0454,0.4313
0.8219,1.626,0.1676,0.1,-0.0353,0.0684,0.3972
0.9126,1.889,0.2514,0.3,0.016,0.734,0.5697
0.4604,4.937,0.1126,0.1,-0.0142,-0.4014,0.2616
0.7658,0.593,0.1939,0.2,0.0266,0.2253,0.4962
0.0576,1.867,0.1976,0.1,0.013,-0.9251,0.0475
0.4921,4.203,0.2525,0.3,0.09,-0.065,0.3182
0.4901,3.973,0.1354,0.2,0.1194,-0.2159,0.3343
0.4164,4.652,0.2674,0.2,-0.0214,-0.3338,0.2671
0.5798,4.717,0.0331,0.2,0.0681,-0.0723,0.3594
0.1923,1.041,0.2219,0.3,0.0152,-0.6346,0.1304
0.1445,1.267,0.1634,0.1,0.0169,-0.8121,0.049
0.7221,0.572,0.2678,0.3,-0.0091,0.372,0.4374
0.8406,3.837,0.1504,0.3,-0.0643,0.5971,0.5271
0.5763,1.461,0.0842,0.3,-0.0027,0.095,0.3129
0.3716,4.654,0.1422,0.3,0.0295,-0.294,0.2066
0.288,4.049,0.1067,0.2,0.0126,-0.5393,0.1509
0.5203,4.901,0.2849,0.1,0.0539,-0.3236,0.3589
0.9364,2.146,0.0677,0.3,-0.0207,0.7792,0.5689
0.2663,2.165,0.1354,0.3,0.0369,-0.494,0.1506
0.483,1.329,0.2223,0.2,0.1699,-0.2273,0.3013
0.3297,3.267,0.0162,0.2,0.0388,-0.4725,0.1941
0.8681,4.2,0.1722,0.1,-0.0031,0.1286,0.4917
0.3935,1.167,0.1923,0.1,0.0322,-0.4884,0.2437
0.855,2.317,0.0182,0.1,-0.0,0.1116,0.5549
0.293,2.608,0.2214,0.1,0.0053,-0.6191,0.1625
0.8042,1.429,0.2203,0.3,0.0093,0.528,0.5085
0.886,1.045,0.1656,0.3,-0.0356,0.6835,0.4751
0.634,3.477,0.289,0.1,0.2464,-0.1758,0.4128
0.2917,2.243,0.2095,0.2,0.0101,-0.5332,0.1624
0.5619,3.625,0.057,0.2,0.1604,-0.101,0.3583
0.2389,2.942,0.0387,0.3,-0.0171,-0.5461,0.1768
0.2506,4.812,0.2269,0.2,-0.0031,-0.599,0.072
0.9444,3.114,0.0707,0.3,0.0062,0.7943,0.5977
0.5981,1.701,0.1797,0.1,0.3689,-0.2224,0.3915
0.6467,3.095,0.2963,0.1,0.2878,-0.1593,0.345
0.6543,3.21,0.2194,0.1,0.3713,-0.1494,0.3743
0.4978,3.831,0.1548,0.3,0.0418,-0.0542,0.2579
0.667,3.571,0.1607,0.1,0.2292,-0.1329,0.4114
0.7162,4.086,0.0192,0.1,0.1965,-0.0689,0.419
0.1455,2.108,0.0445,0.2,-0.0202,-0.7672,0.0781
0.8036,2.344,0.0417,0.2,0.0182,0.2858,0.4352
0.7011,2.455,0.0733,0.1,0.5072,-0.0885,0.4481
0.9394,2.852,0.2209,0.1,-0.0445,0.2212,0.6047
0.2656,2.262,0.266,0.2,0.0135,-0.5751,0.1649
0.9426,4.1,0.0303,0.1,-0.019,0.2253,0.5528
0.3251,3.548,0.2741,0.1,0.0952,-0.5773,0.1912
0.3171,3.507,0.157,0.2,0.0605,-0.4927,0.2376
0.4234,0.733,0.1903,0.2,-0.0237,-0.3225,0.3047
0.8602,4.694,0.2626,0.3,-0.0212,0.6344,0.5106
0.4105,2.853,0.0223,0.3,0.0814,-0.2201,0.2497
0.5721,2.243,0.2936,0.3,0.0339,0.0871,0.3304
0.9149,4.259,0.1049,0.2,-0.0245,0.4638,0.5483
0.5428,2.382,0.1816,0.2,0.3415,-0.1315,0.3196
0.6324,0.871,0.0862,0.1,0.3103,-0.1779,0.3533
0.5365,4.109,0.1559,0.3,0.0249,0.0194,0.3629
0.2053,2.956,0.1597,0.1,-0.0353,-0.7331,0.0875
0.4413,1.506,0.2866,0.1,0.1421,-0.4263,0.219
0.479,2.202,0.299,0.2,0.1686,-0.2336,0.2994
0.2212,4.691,0.1402,0.3,-0.0053,-0.5797,0.1623
0.6064,1.808,0.1334,0.2,0.3635,-0.0298,0.3849
0.4633,4.129,0.0473,0.1,0.075,-0.3978,0.2794
0.3799,3.094,0.1117,0.3,0.0366,-0.2781,0.1862
0.4388,1.123,0.0116,0.3,0.1137,-0.1662,0.2426
0.7334,4.775,0.1326,0.2,0.0076,0.1734,0.4773
0.5684,2.533,0.0907,0.1,0.316,-0.261,0.324
0.2072,3.676,0.1244,0.1,-0.0314,-0.7307,0.1761
0.3391,4.658,0.1323,0.3,0.0437,-0.3557,0.2016
0.358,2.595,0.0699,0.2,-0.0181,-0.4272,0.2027
0.4149,4.654,0.0857,0.1,0.0217,-0.4606,0.2775
0.4595,3.889,0.1722,0.1,0.0561,-0.4027,0.2763
0.4629,3.415,0.1821,0.2,0.0928,-0.2593,0.3209
0.6744,2.883,0.1566,0.2,0.0286,0.079,0.4741
0.3117,1.401,0.2825,0.1,0.0167,-0.5947,0.1662
0.474,3.032,0.1068,0.3,0.1395,-0.0995,0.2479
0.5548,4.719,0.2473,0.3,-0.0277,0.0541,0.4052
0.1886,4.604,0.0814,0.2,-0.0325,-0.6982,0.1243
0.6524,1.794,0.1545,0.3,-0.0175,0.2395,0.4267
0.1618,4.442,0.0928,0.1,0.0509,-0.7896,0.0891
0.1628,3.639,0.2033,0.1,0.0141,-0.7884,0.1245
0.0986,3.231,0.1805,0.1,0.0233,-0.8719,0.0448
0.355,2.257,0.1956,0.3,0.0398,-0.3256,0.2606
0.9445,2.417,0.2973,0.2,0.0055,0.5112,0.5609
0.3528,0.772,0.0635,0.2,-0.0041,-0.4356,0.1938
0.7099,4.242,0.2739,0.3,0.0346,0.3489,0.4108
0.845,1.593,0.2997,0.3,-0.0666,0.6055,0.5364
0.9047,1.767,0.2722,0.2,0.0674,0.4475,0.5416
0.8707,2.576,0.1838,0.1,-0.0157,0.1319,0.4986
0.7166,3.807,0.2606,0.3,-0.0376,0.3616,0.4301
0.4899,3.316,0.0792,0.1,0.1117,-0.3631,0.3378
0.6596,1.377,0.0244,0.2,0.0207,0.0553,0.3813
0.2655,2.603,0.1567,0.2,-0.0043,-0.5753,0.2136
0.5535,0.702,0.022,0.2,0.1923,-0.1144,0.3717
0.5781,0.618,0.1056,0.2,0.1882,-0.075,0.3522
0.3297,2.22,0.2383,0.3,0.0522,-0.3736,0.1682
0.5298,1.655,0.0557,0.1,0.282,-0.3113,0.3416
0.492,1.355,0.1189,0.3,0.1965,-0.0652,0.3228
0.5623,1.354,0.0672,0.1,0.3169,-0.269,0.3007
0.5936,1.759,0.18,0.1,0.3963,-0.2283,0.3727
0.1123,1.07,0.1386,0.2,0.0283,-0.8203,0.0429
0.2269,1.103,0.0293,0.2,0.0169,-0.6369,0.1221
0.8483,4.433,0.2927,0.3,-0.0168,0.6117,0.532
0.0877,4.398,0.0521,0.3,0.0116,-0.8333,0.0751
0.7638,2.79,0.2857,0.3,0.0172,0.4513,0.4719
0.8222,2.982,0.165,0.1,0.006,0.0688,0.5212
0.2733,1.079,0.134,0.2,0.0268,-0.5628,0.1238
0.6,4.966,0.2116,0.3,-0.0637,0.1399,0.3992
0.1566,1.159,0.0324,0.3,-0.0329,-0.7024,0.0792
0.3113,4.529,0.2778,0.3,0.0056,-0.4085,0.1501
0.4037,2.554,0.0509,0.3,0.1114,-0.2329,0.1953
0.3921,1.408,0.128,0.3,0.0509,-0.255,0.2746
0.7218,3.58,0.2693,0.1,0.2389,-0.0616,0.4214
0.6052,4.918,0.1152,0.2,0.0604,-0.0317,0.4058
0.2781,1.0,0.2701,0.1,0.0398,-0.6384,0.1765
0.2942,2.724,0.0423,0.3,0.0413,-0.441,0.1528
0.1799,3.398,0.1066,0.1,-0.0173,-0.7661,0.1072
0.1122,1.345,0.0985,0.2,-0.0086,-0.8204,0.0681
0.0761,3.944,0.2353,0.1,-0.0021,-0.9011,0.0725
0.2958,3.864,0.1385,0.3,0.0237,-0.4379,0.12
0.6464,0.633,0.2724,0.2,-0.0028,0.0343,0.3394
0.4017,4.77,0.0588,0.2,0.031,-0.3574,0.2367
0.5402,0.621,0.2716,0.2,0.1726,-0.1357,0.3839
0.7062,0.775,0.2776,0.3,0.0731,0.3417,0.4544
0.2362,4.676,0.2035,0.1,-0.0267,-0.693,0.0469
0.5799,2.4,0.127,0.1,0.3772,-0.2462,0.3277
0.4425,4.909,0.1707,0.2,0.0181,-0.2919,0.241
0.937,4.968,0.0986,0.3,-0.0034,0.7804,0.5688
0.6888,1.767,0.0641,0.2,-0.0063,0.1021,0.4271
0.5567,1.211,0.061,0.1,0.2839,-0.2763,0.3063
0.4167,1.442,0.2838,0.2,0.0444,-0.3333,0.2812
0.2482,2.519,0.1348,0.1,0.0157,-0.6773,0.1618
0.3708,1.344,0.0208,0.3,0.0617,-0.2956,0.243
0.0512,2.023,0.0122,0.2,0.0258,-0.918,0.0448
0.8529,4.503,0.2486,0.3,0.0032,0.6205,0.5573
0.4321,2.341,0.1812,0.1,0.1538,-0.4383,0.2422
0.4162,4.418,0.2145,0.2,0.0354,-0.334,0.2664
0.6407,4.275,0.249,0.3,-0.0428,0.2173,0.4097
0.757,1.417,0.2833,0.2,-0.0384,0.2111,0.4593
0.5785,0.599,0.1627,0.1,0.1806,-0.2479,0.3025
0.707,4.705,0.2885,0.3,0.033,0.3432,0.4683
0.2524,2.251,0.0214,0.1,0.004,-0.6719,0.1874
0.5586,1.624,0.0816,0.2,0.3486,-0.1063,0.2962
0.7378,4.739,0.2555,0.3,0.0394,0.4018,0.4885
0.2638,0.939,0.0785,0.3,0.0069,-0.4988,0.1167
0.8682,1.097,0.2081,0.3,-0.0409,0.6496,0.5556
0.0817,2.264,0.0713,0.2,0.0201,-0.8693,0.0
0.6207,4.653,0.0527,0.2,0.0864,-0.0069,0.3348
0.4094,4.082,0.0898,0.2,0.03,-0.345,0.2738
0.6318,1.775,0.0192,0.2,-0.0079,0.0109,0.359
0.1625,3.757,0.1413,0.3,0.0238,-0.6913,0.095
0.0874,1.017,0.1708,0.3,0.0233,-0.834,0.1193
0.7813,0.72,0.1412,0.3,-0.0308,0.4844,0.4648
0.1908,3.456,0.0834,0.1,-0.0181,-0.752,0.1347
0.9425,1.536,0.0383,0.2,-0.0266,0.508,0.5523
0.7972,2.822,0.084,0.3,0.0308,0.5148,0.4506
0.159,4.429,0.2599,0.2,-0.064,-0.7456,0.101
0.7665,1.656,0.19,0.2,-0.015,0.2264,0.4724
0.0679,1.192,0.1954,0.1,0.0279,-0.9117,0.0059
0.7362,4.88,0.2117,0.3,0.0026,0.3988,0.41
0.1361,1.153,0.1369,0.2,0.0209,-0.7823,0.0547
0.3901,4.335,0.0336,0.2,0.0228,-0.3758,0.2069
0.852,0.848,0.1796,0.3,-0.0006,0.6189,0.5216
0.0868,2.957,0.0528,0.2,0.0166,-0.8611,0.0497
0.7765,1.43,0.196,0.2,-0.0185,0.2424,0.4284
0.8754,1.481,0.0467,0.3,-0.0093,0.6633,0.5868
0.155,2.25,0.0988,0.1,0.0005,-0.7985,0.1343
0.127,0.549,0.1757,0.1,-0.0451,-0.8349,0.0675
0.5178,3.647,0.0676,0.1,0.1332,-0.3269,0.3232
0.5602,1.264,0.2173,0.2,0.3197,-0.1038,0.3282
0.5573,2.056,0.2877,0.3,0.0292,0.0588,0.3573
0.6175,4.941,0.0341,0.3,0.0054,0.1732,0.3632
0.6659,3.007,0.2762,0.3,-0.0535,0.2653,0.439
0.5391,3.951,0.2609,0.2,0.1144,-0.1375,0.321
0.3028,3.087,0.0645,0.2,-0.0245,-0.5155,0.2058
0.3468,3.754,0.0436,0.2,0.0066,-0.4452,0.2448
0.4074,3.937,0.0249,0.2,0.0274,-0.3482,0.2242
0.4002,1.273,0.0474,0.1,0.0582,-0.4797,0.259
0.7058,0.959,0.0474,0.1,0.3618,-0.0824,0.5017
0.2494,1.157,0.132,0.3,-0.0157,-0.5262,0.1412
0.5865,3.92,0.1056,0.2,0.1574,-0.0617,0.2899
0.5944,1.182,0.2171,0.2,0.3697,-0.049,0.3764
0.5806,1.873,0.1714,0.3,0.0163,0.1031,0.3673
0.6753,3.572,0.2074,0.3,-0.0088,0.283,0.4002
0.5361,4.339,0.2067,0.1,0.105,-0.303,0.3263
0.5287,3.651,0.2285,0.1,0.0857,-0.3127,0.3563
0.7878,0.659,0.2523,0.2,-0.0175,0.2604,0.5028
0.6902,2.192,0.0765,0.3,0.012,0.3114,0.3692
0.6304,3.61,0.0115,0.3,-0.0004,0.1977,0.3564
0.4129,2.08,0.1899,0.1,0.085,-0.4632,0.2887
0.6753,3.544,0.2168,0.1,0.3003,-0.1221,0.3968
0.8629,3.25,0.2893,0.3,0.0673,0.6395,0.5186
0.849,2.078,0.1994,0.1,-0.0061,0.1037,0.5134
0.6426,4.518,0.1346,0.1,0.1242,-0.1646,0.4044
0.4345,2.603,0.234,0.2,0.0771,-0.3048,0.2912
0.2749,1.368,0.0647,0.2,0.0395,-0.5602,0.1782
0.4322,4.395,0.2756,0.1,0.0227,-0.4382,0.2833
0.4607,4.611,0.2715,0.2,0.0714,-0.2629,0.2387
0.7828,4.713,0.0477,0.1,-0.0071,0.0177,0.453
0.3819,4.907,0.1269,0.3,-0.0192,-0.2744,0.1823
0.7071,0.563,0.06,0.3,-0.0736,0.3434,0.3785
0.8005,4.033,0.1777,0.3,-0.039,0.5209,0.43
0.7254,0.937,0.0345,0.2,0.0102,0.1607,0.481
0.7337,4.602,0.1086,0.2,-0.0132,0.1739,0.4241
0.9247,0.689,0.2789,0.1,0.0111,0.2021,0.5411
0.2056,0.945,0.2072,0.2,-0.0031,-0.6711,0.1476
0.4413,1.758,0.1661,0.3,0.0945,-0.1616,0.231
0.9097,3.869,0.232,0.2,-0.0216,0.4555,0.5447
0.173,4.878,0.2059,0.2,-0.0038,-0.7232,0.1007
0.9475,1.626,0.2648,0.2,-0.0035,0.516,0.5539
0.1279,3.588,0.1488,0.1,-0.0163,-0.8337,0.0107
0.3408,0.92,0.0809,0.3,0.036,-0.3524,0.1843
0.5414,3.16,0.2941,0.3,0.0745,0.0287,0.2455
0.1804,2.721,0.2316,0.1,-0.0372,-0.7655,0.0872
0.7522,1.126,0.1519,0.1,0.368,-0.0221,0.464
0.2126,4.948,0.1563,0.1,-0.0085,-0.7236,0.1667
0.8075,3.377,0.161,0.1,0.0109,0.0497,0.5096
0.4163,0.907,0.08,0.2,0.0265,-0.3339,0.24
0.2532,0.53,0.0668,0.1,0.0151,-0.6709,0.1475
0.2417,4.891,0.017,0.1,-0.0064,-0.6858,0.1674
0.3727,1.871,0.1328,0.2,0.0599,-0.4037,0.2546
